-- MariaDB dump 10.19  Distrib 10.5.12-MariaDB, for Linux (x86_64)
--
-- Host: mysql.hostinger.ro    Database: u574849695_25
-- ------------------------------------------------------
-- Server version	10.5.12-MariaDB-cll-lve

/*!40101 SET @OLD_CHARACTER_SET_CLIENT=@@CHARACTER_SET_CLIENT */;
/*!40101 SET @OLD_CHARACTER_SET_RESULTS=@@CHARACTER_SET_RESULTS */;
/*!40101 SET @OLD_COLLATION_CONNECTION=@@COLLATION_CONNECTION */;
/*!40101 SET NAMES utf8mb4 */;
/*!40103 SET @OLD_TIME_ZONE=@@TIME_ZONE */;
/*!40103 SET TIME_ZONE='+00:00' */;
/*!40014 SET @OLD_UNIQUE_CHECKS=@@UNIQUE_CHECKS, UNIQUE_CHECKS=0 */;
/*!40014 SET @OLD_FOREIGN_KEY_CHECKS=@@FOREIGN_KEY_CHECKS, FOREIGN_KEY_CHECKS=0 */;
/*!40101 SET @OLD_SQL_MODE=@@SQL_MODE, SQL_MODE='NO_AUTO_VALUE_ON_ZERO' */;
/*!40111 SET @OLD_SQL_NOTES=@@SQL_NOTES, SQL_NOTES=0 */;

--
-- Table structure for table `appointments`
--

USE barber;

DROP TABLE IF EXISTS `appointments`;
/*!40101 SET @saved_cs_client     = @@character_set_client */;
/*!40101 SET character_set_client = utf8 */;
CREATE TABLE `appointments` (
  `id` bigint(20) unsigned NOT NULL AUTO_INCREMENT,
  `barber_id` bigint(20) unsigned NOT NULL,
  `client_id` bigint(20) unsigned NOT NULL,
  `start_time` datetime DEFAULT NULL,
  `end_time` datetime DEFAULT NULL,
  UNIQUE KEY `id` (`id`),
  KEY `barber_id` (`barber_id`),
  KEY `client_id` (`client_id`),
  CONSTRAINT `appointments_ibfk_1` FOREIGN KEY (`barber_id`) REFERENCES `users` (`id`),
  CONSTRAINT `appointments_ibfk_2` FOREIGN KEY (`client_id`) REFERENCES `users` (`id`)
) ENGINE=InnoDB AUTO_INCREMENT=101 DEFAULT CHARSET=utf8mb4 COLLATE=utf8mb4_unicode_ci;
/*!40101 SET character_set_client = @saved_cs_client */;

--
-- Dumping data for table `appointments`
--

LOCK TABLES `appointments` WRITE;
/*!40000 ALTER TABLE `appointments` DISABLE KEYS */;
INSERT INTO `appointments` VALUES (1,1,1,'1984-09-07 22:44:20','1985-04-01 00:18:38'),(2,2,2,'1988-07-05 16:13:24','2017-02-02 01:13:52'),(3,3,3,'2016-02-02 22:44:38','1981-11-20 09:38:52'),(4,4,4,'1970-04-28 06:00:02','1989-11-22 02:05:50'),(5,5,5,'1972-05-15 14:21:54','2020-12-16 14:30:55'),(6,6,6,'1981-07-30 13:33:01','2011-02-07 08:09:59'),(7,7,7,'1985-07-07 21:34:58','1972-10-06 21:20:08'),(8,8,8,'1974-04-17 02:54:33','1991-10-11 16:29:43'),(9,9,9,'2011-08-01 22:14:30','2018-03-04 21:02:14'),(10,10,10,'1998-10-22 05:10:06','1980-03-23 11:20:39'),(11,11,11,'1971-06-16 20:17:51','2005-04-19 20:02:19'),(12,12,12,'1997-12-07 23:37:08','2015-05-27 04:02:40'),(13,13,13,'2009-01-04 08:06:19','1985-06-09 04:35:17'),(14,14,14,'2007-08-27 22:34:32','1982-05-21 05:59:07'),(15,15,15,'2001-11-23 00:13:40','2008-08-29 08:03:23'),(16,16,16,'1984-01-23 07:44:09','2018-08-01 22:25:14'),(17,17,17,'1984-05-14 00:57:30','1986-03-18 18:57:49'),(18,18,18,'1996-01-11 07:08:30','2010-07-09 18:24:45'),(19,19,19,'2000-08-23 20:50:23','1989-01-08 03:29:13'),(20,20,20,'1980-11-25 16:20:32','2018-09-13 17:55:05'),(21,21,21,'1991-03-07 06:57:04','2002-09-16 09:38:44'),(22,22,22,'1992-01-01 19:04:34','2015-08-26 08:51:42'),(23,23,23,'1989-01-13 14:58:27','2015-11-10 19:55:01'),(24,24,24,'1977-04-21 05:20:34','2008-01-23 11:30:47'),(25,25,25,'2000-08-13 04:55:38','2021-05-04 14:07:03'),(26,26,26,'2001-12-18 06:49:46','1997-02-21 08:55:35'),(27,27,27,'1986-10-08 17:04:31','1990-04-24 22:09:14'),(28,28,28,'1990-06-21 01:01:54','1991-09-20 07:41:17'),(29,29,29,'2016-06-01 11:34:07','1988-01-26 15:53:11'),(30,30,30,'1977-07-19 05:28:55','1997-10-04 22:43:55'),(31,31,31,'2015-01-29 12:56:47','1982-04-15 17:48:15'),(32,32,32,'2002-12-03 21:29:32','1983-05-02 06:32:02'),(33,33,33,'1982-01-19 06:27:55','1974-04-15 16:03:56'),(34,34,34,'2018-01-24 11:29:31','1999-11-04 18:33:09'),(35,35,35,'1993-08-06 13:17:20','2021-10-21 04:12:11'),(36,36,36,'1993-05-23 22:44:33','1986-10-08 04:05:56'),(37,37,37,'1995-12-21 06:34:16','2005-02-19 23:08:13'),(38,38,38,'1999-10-04 18:43:22','2011-09-18 00:55:41'),(39,39,39,'2005-04-27 04:16:24','2003-06-21 22:49:28'),(40,40,40,'1978-06-28 12:52:06','1995-11-07 21:27:19'),(41,41,41,'1993-09-14 03:31:58','1983-09-05 12:50:04'),(42,42,42,'1995-01-21 09:42:19','1982-04-06 00:25:07'),(43,43,43,'1994-11-12 22:04:13','2016-12-22 09:14:08'),(44,44,44,'2016-09-29 13:59:49','1999-07-02 11:28:42'),(45,45,45,'1990-04-07 13:06:38','2006-09-28 20:09:02'),(46,46,46,'1996-09-11 01:38:35','1976-03-30 15:48:56'),(47,47,47,'2005-05-14 13:41:15','1973-12-22 15:27:25'),(48,48,48,'1974-06-27 15:45:01','1972-09-10 18:32:37'),(49,49,49,'1992-01-04 07:29:40','1994-12-29 07:26:22'),(50,50,50,'2015-04-12 16:46:13','2016-07-09 22:48:30'),(51,51,51,'1998-06-14 17:56:27','1989-03-11 11:05:12'),(52,52,52,'1972-12-16 12:01:32','1995-12-24 11:11:37'),(53,53,53,'1983-08-12 01:22:29','2021-09-10 18:00:47'),(54,54,54,'1975-06-06 02:59:46','1972-05-14 21:00:36'),(55,55,55,'2014-05-06 19:38:13','2020-09-15 23:13:25'),(56,56,56,'2006-05-19 03:34:50','2012-07-10 12:46:50'),(57,57,57,'1975-05-13 04:46:26','2020-06-07 23:37:16'),(58,58,58,'2011-05-04 04:20:05','2004-02-16 10:22:04'),(59,59,59,'2018-07-26 19:08:30','1989-09-25 11:51:11'),(60,60,60,'1983-10-10 10:35:36','1976-04-25 07:17:42'),(61,61,61,'1974-07-28 05:13:02','2006-01-07 15:10:00'),(62,62,62,'1992-02-29 11:18:59','1996-01-22 14:58:05'),(63,63,63,'1993-01-18 11:04:21','2014-04-24 18:25:23'),(64,64,64,'1986-10-13 18:06:35','1995-01-28 18:24:13'),(65,65,65,'1986-09-30 05:22:01','2001-03-07 22:21:24'),(66,66,66,'1987-03-29 05:48:15','2017-06-05 14:13:49'),(67,67,67,'1976-06-24 22:33:37','1976-05-25 06:43:36'),(68,68,68,'2013-04-29 08:58:46','2009-07-09 17:18:01'),(69,69,69,'1993-08-08 14:23:09','1993-10-11 05:12:17'),(70,70,70,'1974-03-06 07:07:30','1970-10-02 08:52:53'),(71,71,71,'2004-01-15 06:55:59','1990-05-29 02:27:37'),(72,72,72,'1988-05-21 00:09:28','2016-07-08 04:39:05'),(73,73,73,'2006-02-17 14:59:37','2003-08-29 06:34:12'),(74,74,74,'1973-05-10 04:51:59','2018-11-07 07:09:15'),(75,75,75,'2001-10-26 11:16:04','2013-04-01 14:52:42'),(76,76,76,'1996-12-25 07:55:18','2005-04-21 18:28:06'),(77,77,77,'1984-09-30 11:58:40','2020-12-22 04:11:29'),(78,78,78,'1981-08-10 06:34:22','1973-06-16 19:30:47'),(79,79,79,'1985-05-19 20:37:00','1990-09-06 22:44:20'),(80,80,80,'1979-04-05 19:06:17','1976-09-30 22:28:13'),(81,81,81,'1985-07-26 06:33:42','2000-02-11 02:17:56'),(82,82,82,'1997-07-03 13:54:45','1985-03-24 18:40:16'),(83,83,83,'2018-03-01 18:23:38','1970-10-04 04:43:37'),(84,84,84,'1999-06-07 12:04:52','1991-02-20 04:27:03'),(85,85,85,'2010-02-04 11:24:53','1991-03-06 22:46:30'),(86,86,86,'2018-08-26 17:04:53','2005-01-20 10:53:10'),(87,87,87,'1990-05-14 20:22:48','1990-03-31 04:04:30'),(88,88,88,'2004-10-26 05:33:37','2016-07-22 00:05:13'),(89,89,89,'1998-05-24 09:24:11','2016-08-11 00:56:14'),(90,90,90,'1990-04-26 18:20:05','2004-10-12 01:52:11'),(91,91,91,'1977-06-01 01:41:05','1974-10-06 14:12:04'),(92,92,92,'2017-03-20 04:04:09','2019-02-14 13:11:16'),(93,93,93,'1984-03-02 18:04:04','2003-12-17 04:55:59'),(94,94,94,'1971-12-22 17:14:01','2007-04-06 13:34:04'),(95,95,95,'1970-05-11 17:48:19','2014-07-28 22:20:57'),(96,96,96,'1980-06-18 06:45:29','2010-10-14 03:01:32'),(97,97,97,'1996-12-31 13:49:59','1977-04-07 09:46:31'),(98,98,98,'1977-08-05 14:55:55','2012-04-21 00:17:26'),(99,99,99,'2015-10-18 06:03:15','1971-03-03 05:09:44'),(100,100,100,'1977-06-17 17:19:54','2013-11-06 01:08:37');
/*!40000 ALTER TABLE `appointments` ENABLE KEYS */;
UNLOCK TABLES;

--
-- Table structure for table `comments`
--

DROP TABLE IF EXISTS `comments`;
/*!40101 SET @saved_cs_client     = @@character_set_client */;
/*!40101 SET character_set_client = utf8 */;
CREATE TABLE `comments` (
  `id` bigint(20) unsigned NOT NULL AUTO_INCREMENT,
  `from_user_id` bigint(20) unsigned NOT NULL,
  `to_user_id` bigint(20) unsigned NOT NULL,
  `media_id` bigint(20) unsigned NOT NULL,
  `comment` text COLLATE utf8mb4_unicode_ci DEFAULT NULL,
  UNIQUE KEY `id` (`id`),
  KEY `from_user_id` (`from_user_id`),
  KEY `to_user_id` (`to_user_id`),
  KEY `media_id` (`media_id`),
  CONSTRAINT `comments_ibfk_1` FOREIGN KEY (`from_user_id`) REFERENCES `users` (`id`),
  CONSTRAINT `comments_ibfk_2` FOREIGN KEY (`to_user_id`) REFERENCES `users` (`id`),
  CONSTRAINT `comments_ibfk_3` FOREIGN KEY (`media_id`) REFERENCES `media` (`id`)
) ENGINE=InnoDB AUTO_INCREMENT=101 DEFAULT CHARSET=utf8mb4 COLLATE=utf8mb4_unicode_ci;
/*!40101 SET character_set_client = @saved_cs_client */;

--
-- Dumping data for table `comments`
--

LOCK TABLES `comments` WRITE;
/*!40000 ALTER TABLE `comments` DISABLE KEYS */;
INSERT INTO `comments` VALUES (1,1,1,1,'Eum id fugiat tempora nobis ullam. Pariatur quam exercitationem ratione ex aliquid. Enim rerum provident eligendi. Officiis voluptas earum tempora.'),(2,2,2,2,'Modi libero facilis maiores quod. Nam hic laudantium id. Repellendus culpa ex totam velit commodi sint. Qui atque ut quo aperiam est.'),(3,3,3,3,'Eum mollitia voluptatum dolor assumenda similique officiis. Suscipit eius aut sapiente modi minima. Aut amet illum et. Rerum aperiam deserunt et assumenda similique sequi voluptas.'),(4,4,4,4,'Et quis enim sequi placeat. Non iusto omnis ut magni suscipit molestiae nihil. Rerum cumque ut quia enim commodi dignissimos voluptatum autem.'),(5,5,5,5,'Inventore beatae non nisi. Maiores maiores qui a quam nobis ut. Quod accusamus sint aut error quis molestiae. Molestiae corrupti vel est est.'),(6,6,6,6,'Distinctio in ratione sunt. Tenetur ipsa hic aperiam natus rem asperiores. Consectetur repudiandae aut tempora commodi odit maxime.'),(7,7,7,7,'Itaque ut nam iusto aperiam consequatur omnis. Esse magni ex rerum quo earum. Temporibus quibusdam enim ut aut sunt aliquid qui. Commodi velit non doloremque.'),(8,8,8,8,'Iusto nesciunt dolorem et commodi possimus iure. Asperiores laudantium cum itaque voluptates consequatur placeat. Laudantium veniam eaque pariatur maxime pariatur ut doloremque.'),(9,9,9,9,'Deleniti consequatur rem perferendis accusantium. Aut aperiam nulla ut aspernatur sed voluptatibus. Cum nesciunt temporibus minima.'),(10,10,10,10,'Necessitatibus veniam veniam quod molestias autem. Itaque impedit qui qui quia aspernatur ad omnis. Neque qui optio architecto sit.'),(11,11,11,11,'Aut perferendis quo voluptatem ea. Qui quis aliquid est blanditiis. Repudiandae corrupti atque voluptatem.'),(12,12,12,12,'Sed vitae repudiandae voluptatum necessitatibus consequuntur sunt. Officia mollitia sit iste assumenda atque iusto. Ut nisi minus aut qui ducimus cum quas dolores.'),(13,13,13,13,'Ut omnis inventore cupiditate aut. Doloribus laborum voluptatem ut magni omnis ipsam. Fuga odit ut in deserunt neque molestias.'),(14,14,14,14,'Id quo est sequi neque autem labore error. Molestias voluptatibus id eum.'),(15,15,15,15,'Est iusto eveniet provident quo eius. Qui nam dolores ut architecto distinctio non. Praesentium praesentium dolor tempora. Et quam dolorem earum et.'),(16,16,16,16,'Dolorum aliquam dolore consequatur vitae nulla quia voluptatem. Fugit et nemo et et doloremque rerum eaque.'),(17,17,17,17,'Rerum dignissimos sunt earum provident. Non laborum facilis repellendus qui a quasi. Explicabo vero voluptas dolorum ut fugiat. Pariatur sunt id cupiditate.'),(18,18,18,18,'Incidunt voluptatem eaque blanditiis perspiciatis optio omnis illum. Labore veritatis vitae et et officia nam eligendi dicta. Deserunt est neque et enim.'),(19,19,19,19,'Repellat at ullam rerum voluptatem ipsum voluptatum quidem. Minus aut temporibus est autem voluptas recusandae. Non deleniti rerum dicta recusandae odit iusto adipisci.'),(20,20,20,20,'Doloremque nulla et rem. Quaerat voluptate neque sed. Necessitatibus et optio repellat.'),(21,21,21,21,'Rerum ut perspiciatis est minus dolorem dolores. Totam aut quo ut dolores sint eveniet asperiores. Est est beatae omnis. Quaerat quo et quo ea laudantium voluptates quaerat.'),(22,22,22,22,'Ratione sequi vel molestiae sed consequatur. Dolor dolor maxime quae odit. Et earum voluptas earum repudiandae incidunt esse quia repudiandae. Est consequatur deleniti fugit.'),(23,23,23,23,'Omnis provident maiores amet recusandae quis ut libero. Dolorum omnis autem animi eligendi sequi qui sint a. Rerum ullam consectetur quo. Id excepturi magni qui vitae voluptatem totam rem.'),(24,24,24,24,'Iusto aut nulla quis voluptate omnis deleniti asperiores. Fugiat non dolores cumque. Rerum repellat quisquam enim cupiditate.'),(25,25,25,25,'Eos magnam aut earum iusto necessitatibus. Adipisci rem eligendi voluptas fugit maiores. In quasi rem atque qui nihil. Nesciunt sunt tenetur et dolor illo dolorem officia.'),(26,26,26,26,'Quis labore quisquam ullam libero in eos et rem. Fuga ex sed placeat consectetur.'),(27,27,27,27,'Sit ea eos rem sapiente. Est ipsum molestiae fuga. Eum veritatis ex ut mollitia tenetur et ipsam.'),(28,28,28,28,'Earum sunt in minima quas. Quis eligendi iure natus.'),(29,29,29,29,'Eligendi tempore et velit aspernatur error possimus. Eius beatae quia voluptatem repellat facere repudiandae dicta non. Quas voluptatem ut laboriosam rerum quam aut corporis.'),(30,30,30,30,'Sed in sint illo ut voluptatem qui. Sint modi earum eum repellendus est expedita et saepe.'),(31,31,31,31,'Minus ratione et ut ut. Officia facilis voluptates explicabo incidunt dolores. Quidem molestias molestiae ab adipisci. Exercitationem cumque et accusamus repudiandae.'),(32,32,32,32,'Vero sint ut eos explicabo dolorem. Perferendis quia vel vel aspernatur.'),(33,33,33,33,'Totam sed esse praesentium quo et dolores. Nihil facere veritatis saepe molestiae animi ex soluta animi.'),(34,34,34,34,'Optio aliquam necessitatibus soluta laboriosam. Dolorem non cumque modi asperiores est. Porro ut ab totam maxime. Quidem distinctio ullam rerum eum id nostrum impedit.'),(35,35,35,35,'Nemo porro tenetur ut excepturi et nisi. Qui minus quidem eius dolorum. Id omnis sed consequuntur natus nihil nemo officia.'),(36,36,36,36,'Magnam unde dolor et corrupti unde voluptatibus. Saepe id aliquid omnis tempora. Cumque suscipit eius quia autem facilis.'),(37,37,37,37,'Ratione explicabo debitis sint deserunt sit aspernatur laudantium. Officia porro autem minima ipsum. Dolor amet quisquam delectus molestias.'),(38,38,38,38,'Illo quia aut necessitatibus laborum porro neque quibusdam occaecati. Fugiat perferendis non et aliquam dignissimos alias labore dolor. Id qui libero et molestiae eaque qui sed.'),(39,39,39,39,'Alias omnis impedit itaque repellat quo. Perspiciatis voluptatem maiores cupiditate sunt vero reprehenderit ipsam est. Aut possimus quis quibusdam dolorem et dicta non.'),(40,40,40,40,'Doloremque ut dolorum deserunt asperiores ipsum aut. Quia et unde cum provident tempore sunt modi. In iure quam labore voluptatem. Corrupti ipsa quidem sint et accusamus nulla.'),(41,41,41,41,'Tempore sit in modi voluptatem facilis distinctio. Sapiente voluptatum dolore voluptate. Dolore culpa neque quos et quisquam ut delectus.'),(42,42,42,42,'Sunt ut repudiandae quo accusamus. Minus fugit et voluptatibus sapiente. Est deleniti in error dicta voluptatum consequuntur nostrum.'),(43,43,43,43,'Quia molestiae distinctio sint et assumenda. Omnis recusandae enim eligendi voluptas temporibus rerum. Repellat non nulla qui earum ut repellendus. Eveniet ut non libero deserunt.'),(44,44,44,44,'Illum quae eum necessitatibus sapiente. Illum omnis sint et occaecati laboriosam eaque velit quam. Non iusto distinctio sed cumque sit voluptas.'),(45,45,45,45,'Rerum voluptas sed natus animi ipsum est. Est aut nobis ipsum quibusdam dolore. Velit omnis placeat et autem deserunt architecto ad. Aut ut aperiam ut et aut minima reprehenderit rerum.'),(46,46,46,46,'Qui reiciendis dolorem ut culpa rerum voluptates officia. Molestias mollitia omnis numquam velit aut sint quae. Et dolorem voluptatem dolores. Aliquid et beatae ex.'),(47,47,47,47,'Sed aut et et impedit sint optio vero impedit. Tempora eaque ut in qui ea dolore. Maiores aut ipsum et.'),(48,48,48,48,'At omnis voluptas ratione sequi facilis error natus. Laborum quam fugiat consequuntur voluptas ipsa modi.'),(49,49,49,49,'Autem sed porro eos aliquid dolores repellat. Et commodi et sed voluptatem. Voluptate eligendi quo illum sapiente. Iusto minima laborum aut ut voluptas.'),(50,50,50,50,'Est dolore animi dolore nostrum odit animi minima. Reprehenderit alias accusantium voluptatem modi quaerat eaque. Possimus est vitae sint vel. Minima numquam sed iste libero sit id.'),(51,51,51,51,'Non sit assumenda quia rerum cupiditate. Magnam impedit et quia qui sint. Et rerum sunt sed quaerat et. Temporibus eveniet ipsum sunt est qui consequatur velit.'),(52,52,52,52,'Sequi sunt ut ut quis hic incidunt. Excepturi error consequatur et vel nisi. Voluptas voluptas voluptas est itaque. Ratione modi itaque architecto atque quas saepe.'),(53,53,53,53,'Et officia ipsa omnis necessitatibus sit et corporis. Dolorum et voluptates aliquam quas deleniti eligendi. Iste quas iste impedit et delectus voluptatibus consectetur.'),(54,54,54,54,'Culpa iusto sit est quo sed optio. Sunt rerum doloremque illum voluptate est aut voluptatem repellat. Dicta autem quasi ut labore et. Quis fugit officiis quisquam aut fugit impedit.'),(55,55,55,55,'A laboriosam iste omnis aut blanditiis. Facere sequi ex dolorem impedit sed qui quas. Est qui rerum debitis autem. Quidem quam eaque nihil voluptatum distinctio et dolorem.'),(56,56,56,56,'Mollitia dolores facilis asperiores officiis nisi. Et non quia qui qui aliquam et totam. Sunt autem est illo veritatis numquam. Excepturi illo magni nostrum dolor corporis.'),(57,57,57,57,'Aut error architecto quo at illo. Iste quasi est omnis aliquid. Pariatur iste et minima beatae. Corporis tempore explicabo non nihil praesentium fugiat.'),(58,58,58,58,'Non eligendi ut voluptatem animi velit. Deserunt modi sit quod illo. Vitae repellendus suscipit dignissimos harum.'),(59,59,59,59,'Quidem dolor quia veritatis esse. Molestiae nihil unde tenetur ipsam libero. Cumque facilis qui odit qui ut omnis.'),(60,60,60,60,'Quasi repellendus numquam ad. Illo similique omnis sed. Beatae voluptatem aliquid sunt quisquam sit. Quia consequatur deserunt minima unde porro.'),(61,61,61,61,'Sed magnam et mollitia laboriosam iusto. Totam laborum ab quis ipsa ea necessitatibus. Dolor ea voluptates alias dolores.'),(62,62,62,62,'Ut beatae facilis autem voluptatum suscipit consequatur qui. Modi magnam eligendi placeat provident.'),(63,63,63,63,'Eum eum minima placeat sunt qui. Rerum ea doloremque excepturi dignissimos exercitationem quod aut. Similique magni laboriosam dolor.'),(64,64,64,64,'Ab in commodi et voluptatem numquam aut dolore. Fuga odit qui earum rerum ratione reprehenderit debitis. Nesciunt repellat iure placeat quidem mollitia et. Adipisci consequatur eos qui harum.'),(65,65,65,65,'Qui in a et sint distinctio molestiae explicabo. Ut aut culpa eos nobis facilis. Ipsum eos molestias alias debitis temporibus. Qui aut eum temporibus et.'),(66,66,66,66,'Pariatur quis nihil mollitia at esse. Sint nostrum modi illum optio nihil consequatur harum. Dolorum quo id aliquid at. Vel itaque harum et aut.'),(67,67,67,67,'Quia sunt ut magnam libero iure aliquid sint. Sapiente molestias dolorem et hic esse. Et deserunt provident itaque optio. Error enim laudantium eos totam provident nulla.'),(68,68,68,68,'Et odit quos est ex illum. Sit velit at sit et deserunt alias exercitationem saepe. Non eaque sed rerum labore.'),(69,69,69,69,'Nisi culpa velit non ut. Autem aspernatur et repellat rem ipsa molestiae et. Provident voluptate architecto aut quis inventore aut itaque incidunt.'),(70,70,70,70,'Neque quia quos quidem magnam itaque consequatur optio. Distinctio adipisci et quaerat maiores. Aut officia et cum libero. Quis non iusto dolor.'),(71,71,71,71,'Excepturi dolor commodi sint quis. Alias magni et dolorem. Assumenda consequatur dignissimos nobis voluptatibus mollitia. Veniam soluta molestias quos.'),(72,72,72,72,'Qui aperiam itaque sint laudantium tempora quae error. Quas dolores non eligendi aut neque et ut. Voluptatem consectetur aliquid et commodi. Quis iste et tempora officia quae quia.'),(73,73,73,73,'Cupiditate quia quo voluptatibus delectus eum animi. Vel quis sint quas nam. Est esse adipisci aut provident doloribus vero ipsa corrupti. Recusandae animi vel dicta rerum sint voluptas.'),(74,74,74,74,'Cum velit quibusdam omnis in. Corporis natus quia velit ab saepe est possimus. Sunt ut culpa hic est.\nMaxime vel hic ut et incidunt. Suscipit sequi incidunt quaerat. Et ipsa est ut ipsam amet et.'),(75,75,75,75,'Voluptatem est dignissimos aut doloribus quod. Libero ut et perferendis error. Quos voluptatem perspiciatis eos ipsam. Et odio aut et dolore beatae ex totam.'),(76,76,76,76,'Enim architecto dolores quaerat necessitatibus est quas. Et laboriosam error sit modi eveniet libero officia. Aperiam nihil sit distinctio ea. Dolor aut tenetur laborum.'),(77,77,77,77,'Voluptatibus iure excepturi in modi illum. Dolor molestias ab facere repellendus sed qui rerum. Animi dolor error voluptatum eius ea.'),(78,78,78,78,'Quae qui excepturi eius tempore est omnis culpa. Ipsam corporis quia eos est.'),(79,79,79,79,'Est quia sit beatae temporibus non. Quasi non voluptatem temporibus quis. Nobis odit deleniti nostrum omnis vero.'),(80,80,80,80,'Quia possimus amet totam nulla distinctio aliquam eos velit. Blanditiis quibusdam magnam neque vitae quia. Quaerat sint aut dolor aut nesciunt.'),(81,81,81,81,'Culpa ratione laudantium maxime quas id. Pariatur autem id omnis qui. Excepturi autem neque id consequatur vel. Fugiat rem dolor porro voluptas atque vel provident.'),(82,82,82,82,'Ea unde suscipit quisquam esse. Occaecati et ex nemo rerum. Dolorem laudantium temporibus eaque est cum cum ipsam dolore. Hic libero ipsum porro dolor consequatur reiciendis.'),(83,83,83,83,'Quis deleniti unde omnis a quibusdam. Est asperiores dicta non rerum. Quae nihil consequatur et odio.'),(84,84,84,84,'Quos eos possimus praesentium quia. Consequatur dolorem laboriosam ea qui et dolore quasi quia. Eum eos aut quis ullam autem inventore.'),(85,85,85,85,'Sed excepturi ea esse recusandae blanditiis debitis. Odio dolore aut aut ipsa eos officiis aspernatur. Neque quae qui quod dolor labore repellat.'),(86,86,86,86,'Voluptate placeat ut voluptatem beatae aliquam. Ratione non et omnis assumenda enim ut soluta. Est omnis id illo quas. Fugit nisi temporibus non velit.'),(87,87,87,87,'Magnam deserunt consectetur repellendus et officiis sunt quia ullam. Consequuntur error neque nulla quis iure. Est nihil ipsam perspiciatis quam ut cupiditate omnis.'),(88,88,88,88,'Ea impedit quos sit distinctio similique. Similique ut est repellendus non optio iste. Et in iusto tempore aut in hic nihil.'),(89,89,89,89,'Aliquam quaerat quia temporibus. Fugiat adipisci id aut omnis itaque laudantium enim. Distinctio id asperiores voluptate necessitatibus. Eveniet sunt earum placeat quas voluptas qui.'),(90,90,90,90,'Molestiae quae sit nam. Et cupiditate nihil ea enim.'),(91,91,91,91,'Et occaecati possimus sunt voluptatem ea ut in deleniti. Totam dolore aspernatur mollitia dolor inventore.'),(92,92,92,92,'Iure quidem possimus voluptas aut voluptatem consequatur et. Nihil itaque facilis unde. Quaerat sed quae laborum ut beatae debitis ratione officia. Deleniti esse et nam aliquam.'),(93,93,93,93,'Enim nulla ut aut aut soluta officiis ut. Id et eos neque. Doloribus dolor non porro ratione. Fugit assumenda nostrum iste deserunt minus itaque ab non.'),(94,94,94,94,'Et rem distinctio aut sunt molestiae quas. Soluta cum dignissimos incidunt magnam non optio. Doloremque quis laborum sed voluptate alias. Quibusdam ex omnis consequatur aut expedita ut.'),(95,95,95,95,'Modi assumenda ex illo qui vero aut veritatis. Culpa velit tempora ut sint et magnam. Incidunt sit quas ipsum et. Quibusdam aut magnam dignissimos et voluptas eum in.'),(96,96,96,96,'Fugiat consequatur aut rerum reprehenderit voluptates nostrum. Ut sed expedita optio nihil provident dolores ut. Magni rem qui animi aut.'),(97,97,97,97,'Ea corporis accusamus et aut. Aliquam nemo perspiciatis omnis tempora. Et modi fugit quisquam accusantium tempore saepe expedita.'),(98,98,98,98,'Debitis voluptatibus soluta voluptas qui distinctio eius. Odit assumenda facere omnis cupiditate et ipsa eligendi. Doloremque quo corrupti facilis reprehenderit qui officiis exercitationem.'),(99,99,99,99,'Facere sequi aliquam numquam at voluptatem voluptatum sit distinctio. Molestias et natus animi rem veritatis iste. Perferendis non ea sapiente deleniti. Blanditiis odio repellat aut aperiam maxime.'),(100,100,100,100,'Et accusamus ducimus omnis corrupti. Consequatur dicta et nihil ex id.');
/*!40000 ALTER TABLE `comments` ENABLE KEYS */;
UNLOCK TABLES;

--
-- Table structure for table `likes`
--

DROP TABLE IF EXISTS `likes`;
/*!40101 SET @saved_cs_client     = @@character_set_client */;
/*!40101 SET character_set_client = utf8 */;
CREATE TABLE `likes` (
  `id` bigint(20) unsigned NOT NULL AUTO_INCREMENT,
  `user_id` bigint(20) unsigned NOT NULL,
  `media_id` bigint(20) unsigned NOT NULL,
  `created_at` datetime DEFAULT current_timestamp(),
  UNIQUE KEY `id` (`id`),
  KEY `user_id` (`user_id`),
  KEY `media_id` (`media_id`),
  CONSTRAINT `likes_ibfk_1` FOREIGN KEY (`user_id`) REFERENCES `users` (`id`),
  CONSTRAINT `likes_ibfk_2` FOREIGN KEY (`media_id`) REFERENCES `media` (`id`)
) ENGINE=InnoDB AUTO_INCREMENT=101 DEFAULT CHARSET=utf8mb4 COLLATE=utf8mb4_unicode_ci;
/*!40101 SET character_set_client = @saved_cs_client */;

--
-- Dumping data for table `likes`
--

LOCK TABLES `likes` WRITE;
/*!40000 ALTER TABLE `likes` DISABLE KEYS */;
INSERT INTO `likes` VALUES (1,1,1,'2012-04-10 07:34:16'),(2,2,2,'1985-06-28 21:18:34'),(3,3,3,'1990-05-04 10:29:25'),(4,4,4,'1987-08-02 21:18:49'),(5,5,5,'1984-09-29 17:34:33'),(6,6,6,'2001-04-11 12:29:30'),(7,7,7,'1994-05-28 09:39:25'),(8,8,8,'1996-07-16 23:41:55'),(9,9,9,'1994-01-24 07:00:57'),(10,10,10,'1995-04-17 06:43:52'),(11,11,11,'2009-01-08 04:58:24'),(12,12,12,'2018-07-29 18:19:52'),(13,13,13,'1990-09-22 06:54:11'),(14,14,14,'1977-09-22 05:19:00'),(15,15,15,'2019-05-20 12:58:15'),(16,16,16,'1992-09-15 19:11:16'),(17,17,17,'1985-06-06 09:06:28'),(18,18,18,'1972-06-30 19:00:56'),(19,19,19,'2004-01-08 00:41:39'),(20,20,20,'2011-03-02 20:56:42'),(21,21,21,'1982-03-15 22:12:53'),(22,22,22,'2020-12-12 02:25:39'),(23,23,23,'1987-12-21 10:15:46'),(24,24,24,'1987-02-21 14:47:00'),(25,25,25,'1980-09-28 05:55:59'),(26,26,26,'2000-09-22 13:28:12'),(27,27,27,'2014-03-21 07:41:46'),(28,28,28,'2000-02-06 07:46:04'),(29,29,29,'1989-07-21 17:25:10'),(30,30,30,'1972-05-09 12:11:34'),(31,31,31,'1978-09-08 19:43:29'),(32,32,32,'2014-07-01 07:41:53'),(33,33,33,'2012-07-25 21:00:22'),(34,34,34,'1998-05-26 00:53:31'),(35,35,35,'2011-04-05 06:15:49'),(36,36,36,'2019-07-14 10:42:37'),(37,37,37,'2019-03-09 08:45:49'),(38,38,38,'1989-03-26 13:47:36'),(39,39,39,'1986-05-18 05:34:43'),(40,40,40,'2019-04-26 17:36:53'),(41,41,41,'2006-08-21 06:33:56'),(42,42,42,'1996-04-20 12:10:45'),(43,43,43,'2010-08-30 12:19:42'),(44,44,44,'2013-03-07 14:42:43'),(45,45,45,'2013-08-15 22:16:47'),(46,46,46,'2010-12-15 23:18:34'),(47,47,47,'1979-09-02 07:34:05'),(48,48,48,'1989-02-10 02:22:10'),(49,49,49,'2007-09-13 05:04:38'),(50,50,50,'1971-12-06 07:31:48'),(51,51,51,'2010-11-13 05:36:47'),(52,52,52,'1990-05-13 20:44:41'),(53,53,53,'1975-03-31 23:47:07'),(54,54,54,'1998-05-17 21:37:55'),(55,55,55,'1989-09-23 21:48:17'),(56,56,56,'1988-01-29 00:58:35'),(57,57,57,'1970-12-25 11:19:48'),(58,58,58,'2017-11-01 09:39:39'),(59,59,59,'1975-07-31 08:12:31'),(60,60,60,'2002-04-14 18:08:04'),(61,61,61,'1989-04-20 12:39:33'),(62,62,62,'2007-03-24 08:47:16'),(63,63,63,'1988-09-10 02:06:37'),(64,64,64,'1999-10-07 18:22:19'),(65,65,65,'2007-09-06 10:21:02'),(66,66,66,'1979-06-26 06:18:30'),(67,67,67,'1976-11-21 08:47:07'),(68,68,68,'1984-08-11 17:11:54'),(69,69,69,'2015-12-14 03:58:25'),(70,70,70,'1970-09-29 11:15:14'),(71,71,71,'2017-08-04 17:33:10'),(72,72,72,'2010-02-14 11:57:56'),(73,73,73,'1987-01-30 14:13:05'),(74,74,74,'1997-01-31 03:36:06'),(75,75,75,'2011-12-01 17:12:37'),(76,76,76,'2015-05-25 23:03:27'),(77,77,77,'1993-08-31 02:35:31'),(78,78,78,'1982-05-22 03:05:41'),(79,79,79,'2010-05-29 22:11:57'),(80,80,80,'2002-02-02 03:07:38'),(81,81,81,'2012-11-24 20:50:37'),(82,82,82,'1987-12-31 11:28:55'),(83,83,83,'2006-02-16 08:00:29'),(84,84,84,'2017-01-10 04:11:49'),(85,85,85,'2006-12-25 05:09:48'),(86,86,86,'2007-10-13 09:16:04'),(87,87,87,'1991-01-16 11:08:28'),(88,88,88,'1982-08-05 05:07:53'),(89,89,89,'1996-02-15 17:34:00'),(90,90,90,'2016-06-15 15:05:26'),(91,91,91,'2006-04-24 06:05:55'),(92,92,92,'2009-12-17 00:05:32'),(93,93,93,'1974-01-27 10:39:52'),(94,94,94,'2008-06-16 11:13:00'),(95,95,95,'1975-10-01 10:42:12'),(96,96,96,'2013-10-21 06:19:33'),(97,97,97,'2020-11-17 12:22:30'),(98,98,98,'1972-07-08 23:56:45'),(99,99,99,'1998-11-25 23:49:24'),(100,100,100,'2013-01-04 03:59:47');
/*!40000 ALTER TABLE `likes` ENABLE KEYS */;
UNLOCK TABLES;

--
-- Table structure for table `media`
--

DROP TABLE IF EXISTS `media`;
/*!40101 SET @saved_cs_client     = @@character_set_client */;
/*!40101 SET character_set_client = utf8 */;
CREATE TABLE `media` (
  `id` bigint(20) unsigned NOT NULL AUTO_INCREMENT,
  `media_type_id` bigint(20) unsigned NOT NULL,
  `user_id` bigint(20) unsigned NOT NULL,
  `body` text COLLATE utf8mb4_unicode_ci DEFAULT NULL,
  `filename` varchar(255) COLLATE utf8mb4_unicode_ci DEFAULT NULL,
  `size` int(11) DEFAULT NULL,
  `metadata` longtext CHARACTER SET utf8mb4 COLLATE utf8mb4_bin DEFAULT NULL CHECK (json_valid(`metadata`)),
  `created_at` datetime DEFAULT current_timestamp(),
  `updated_at` datetime DEFAULT NULL ON UPDATE current_timestamp(),
  UNIQUE KEY `id` (`id`),
  KEY `media_type_id` (`media_type_id`),
  CONSTRAINT `media_ibfk_1` FOREIGN KEY (`media_type_id`) REFERENCES `media_types` (`id`)
) ENGINE=InnoDB AUTO_INCREMENT=101 DEFAULT CHARSET=utf8mb4 COLLATE=utf8mb4_unicode_ci;
/*!40101 SET character_set_client = @saved_cs_client */;

--
-- Dumping data for table `media`
--

LOCK TABLES `media` WRITE;
/*!40000 ALTER TABLE `media` DISABLE KEYS */;
INSERT INTO `media` VALUES (1,1,1,'Fugiat amet corrupti laborum soluta ut rerum a consequatur. Sed ducimus dolore esse aperiam vel inventore. Cupiditate dolorum dolor praesentium aut sint amet. Perferendis similique ea necessitatibus quod ea.','necessitatibus',4323,NULL,'2016-12-29 16:03:26','1997-07-03 14:32:54'),(2,2,2,'Pariatur id corrupti et quia et. Optio fugiat rem placeat explicabo est eaque suscipit. Totam voluptas ab voluptatem autem.','omnis',93070412,NULL,'1976-03-28 20:16:20','2011-05-31 21:10:04'),(3,3,3,'Aut blanditiis enim hic sint accusantium et. Rerum a aut quaerat id velit. Nemo sed rerum rerum voluptas omnis distinctio provident ut. Sint esse quos minus saepe quia distinctio porro.','enim',559883,NULL,'1997-04-08 05:35:58','1981-03-21 18:51:30'),(4,1,4,'Fugiat laboriosam iure ullam est ut quis officia laudantium. Vitae aut numquam veritatis distinctio sunt totam ab. Eius nihil consectetur totam quam amet.','voluptatem',4178,NULL,'2018-09-11 15:57:20','2009-11-06 22:45:52'),(5,2,5,'Ut nam sed qui natus aperiam. Facere alias iure qui voluptatem voluptatem. Nisi sed fugiat corrupti molestias et incidunt distinctio. Nostrum aut aliquam non consectetur odit quia quia.','sit',839308555,NULL,'1992-08-16 13:23:03','1971-01-22 09:06:57'),(6,3,6,'Numquam dignissimos quaerat est repellat dolor et velit animi. Omnis qui consequatur non adipisci voluptatum aliquid delectus. Qui sit omnis laudantium. Nostrum in autem eius qui quidem voluptas.','consectetur',881328642,NULL,'2019-07-06 23:35:57','1976-08-10 14:34:08'),(7,1,7,'Facere pariatur maiores et repellendus est. Aut voluptatem reiciendis et repellendus. Iusto saepe eos et aperiam accusamus ipsa architecto accusantium.','aperiam',120751098,NULL,'2008-06-21 07:01:28','1996-03-12 23:23:30'),(8,2,8,'Consequatur aliquam consequatur ipsam excepturi tenetur. Distinctio expedita commodi architecto non est. Inventore placeat accusamus laudantium non et. Dolores ea iste sit ipsam culpa vel.','amet',77699201,NULL,'2003-01-18 02:04:30','1984-07-07 23:58:16'),(9,3,9,'Minima in possimus ipsam doloribus exercitationem consequatur. Fugit rerum quia laborum libero ut placeat. Nisi amet qui consequatur dolorum voluptas.','laborum',872151058,NULL,'1972-07-06 19:37:13','1985-06-16 10:12:46'),(10,1,10,'Placeat inventore modi dolores expedita est. A ipsum quis minus numquam architecto ipsa. Quia vitae iusto et soluta delectus.','perferendis',8,NULL,'1990-10-31 09:56:55','1995-09-21 17:48:08'),(11,2,11,'Esse sunt corporis ad et totam hic sint. Blanditiis explicabo aut exercitationem magnam soluta non. Porro eligendi enim sequi. Recusandae molestias est reiciendis laborum eligendi eos totam aliquid. Unde repudiandae voluptas in veritatis laudantium.','placeat',25488,NULL,'1996-06-25 06:52:19','1987-08-07 15:41:15'),(12,3,12,'Sed quis accusamus nemo numquam quia recusandae voluptatem. Sit tempore libero molestias sapiente eum. Esse fugit aut molestias quisquam dicta quis explicabo.','aut',500,NULL,'2015-06-03 02:24:21','1984-11-02 18:32:36'),(13,1,13,'Temporibus recusandae sed qui ex maxime. Recusandae aut molestiae sit saepe blanditiis assumenda in. Necessitatibus cum pariatur ut.','aut',24192,NULL,'1981-03-24 13:51:05','2006-08-09 06:35:39'),(14,2,14,'Qui iure commodi hic rerum voluptatem minima dolor. Eum dolores impedit ut iusto quia iusto et. Suscipit molestiae minus ut fuga dolore. Sit dolor fugit alias sit fugiat. Et autem natus est exercitationem sed unde in.','eum',48,NULL,'1981-01-03 05:06:36','2009-07-05 02:36:40'),(15,3,15,'Commodi quod et nobis error quibusdam. Libero et perferendis pariatur tenetur velit incidunt vel.','odit',354401863,NULL,'2015-03-11 20:23:54','1999-11-14 19:05:21'),(16,1,16,'Qui commodi ut tempora cum magnam accusamus saepe id. Repellat provident consequatur nihil ratione ex optio saepe. Cupiditate occaecati ut quia excepturi quia.','minima',503266,NULL,'1991-03-15 04:13:42','1988-11-06 14:34:44'),(17,2,17,'Quasi doloribus aliquam et similique corporis eligendi. Nesciunt quas voluptas totam blanditiis ipsam enim. Et minus sit aut enim corrupti.','autem',4960596,NULL,'2006-02-10 14:18:53','1996-03-03 15:22:33'),(18,3,18,'Quam rerum provident quia. Earum autem magni alias deserunt facilis beatae quia. Amet voluptas aut accusantium ducimus eos distinctio aliquam. Tempora tempore quisquam excepturi aspernatur error vel laboriosam tempore.','impedit',0,NULL,'2021-04-30 11:44:17','1987-11-13 00:46:59'),(19,1,19,'Voluptatum maxime veritatis incidunt corporis omnis nesciunt et veritatis. Quae aut sit modi sed quia illum dolorem. Molestias est et qui repellat ut eos. Dicta vel minima reprehenderit voluptas.','vel',3275741,NULL,'1973-03-11 17:02:29','1999-01-24 00:45:52'),(20,2,20,'Dolores accusamus et quasi et molestiae velit. Et quo repudiandae sunt ducimus facilis eum aut eaque. Aut provident quos qui mollitia perspiciatis.','modi',758129728,NULL,'1977-05-27 18:12:10','1971-11-01 19:25:21'),(21,3,21,'Exercitationem dolorem dolor quasi in. Corrupti voluptatum modi quia qui est in. Officiis iste sed architecto. Quia enim distinctio eum et expedita aut. Aliquid aut iusto voluptate delectus.','ad',63370,NULL,'1971-01-24 08:07:30','2020-08-30 13:51:34'),(22,1,22,'Esse dolore rerum culpa ipsum aliquid. Et dolor ipsam quo explicabo ea rem.','voluptatem',8358180,NULL,'1998-04-07 01:33:05','1971-08-17 19:49:27'),(23,2,23,'Qui sit saepe placeat ea non hic iure quia. Quibusdam quia doloremque laborum dolorem voluptatem amet rerum adipisci. Dignissimos reprehenderit doloribus qui ex consequatur. Quo aut tempora ut optio.','esse',836013223,NULL,'1995-03-22 00:22:10','1983-06-20 05:39:52'),(24,3,24,'Natus iste ut laborum ullam dolore. Quibusdam architecto fugit amet quia perferendis aut aut. Sed optio esse itaque dolores. Eligendi amet explicabo asperiores iure maxime quo iste pariatur.','esse',4,NULL,'1983-07-02 00:41:27','2008-01-30 04:34:37'),(25,1,25,'Quam hic est voluptates exercitationem. Veritatis voluptatem quam et sed fuga omnis. Aperiam ut hic quo rerum tempore praesentium.','voluptas',716912,NULL,'1984-08-10 02:37:11','1973-05-18 01:35:32'),(26,2,26,'Esse molestiae reiciendis laudantium unde asperiores dolor. Repellat laboriosam odio maxime vel. Placeat eos sunt quas esse molestiae.','et',161134765,NULL,'1973-06-14 06:59:30','1973-01-27 04:38:18'),(27,3,27,'Quidem facere culpa et esse. Consectetur dicta odit ut dolores et ratione nihil. Voluptatibus totam hic minima quia esse. Consequatur dicta magnam maiores qui maxime.','sit',84559379,NULL,'2010-05-06 23:17:53','1970-12-10 17:22:57'),(28,1,28,'Consequuntur dolore et et maxime omnis. Repellendus nisi adipisci quam voluptatem. Sed et assumenda aut et beatae nihil eaque.','ut',463379918,NULL,'2010-04-23 13:17:25','1988-11-01 17:38:31'),(29,2,29,'Dolores ut repellat sit. Occaecati inventore modi qui eius eum. In quod quaerat porro aspernatur eum.','ipsa',668842,NULL,'2005-04-19 02:33:12','2013-07-26 00:46:46'),(30,3,30,'Qui dignissimos ut voluptas nihil magnam sed cum. Incidunt sed animi voluptas et est ipsum molestiae error. Eum nihil voluptas molestiae accusantium reiciendis atque quia molestias. Non porro labore provident pariatur deleniti. At aliquid distinctio odio a.','eum',152994691,NULL,'1979-10-02 06:44:15','2016-05-25 19:34:21'),(31,1,31,'Eveniet at totam quae. Nesciunt nobis perferendis ad optio. Cupiditate ad quia tempore rerum earum distinctio. Accusamus earum molestias illo modi et sunt rerum.','enim',58553,NULL,'2019-08-11 21:59:04','2007-07-26 07:56:55'),(32,2,32,'Rerum error aut enim et. Sint aut doloribus ut sed. Ad quam autem laborum ea eum libero totam beatae.','maxime',632,NULL,'2010-12-03 09:58:51','2009-04-11 00:58:59'),(33,3,33,'Sunt enim quo cumque cumque eius velit quaerat cumque. Fugiat velit repellendus quibusdam quas. Aut aut impedit rerum assumenda.','eaque',0,NULL,'1982-12-02 12:22:05','1974-09-03 10:57:15'),(34,1,34,'Reiciendis non veniam atque fuga sit eligendi. Quo expedita illum ut consequatur ad. Qui optio beatae asperiores non quia possimus aliquam.','ipsam',76,NULL,'2006-12-07 20:50:47','1981-06-05 08:25:30'),(35,2,35,'Ut ad voluptatem autem. Quia suscipit provident qui fugiat. Vel repellat illum sequi aut est a ex. Quia ad accusamus delectus quasi dignissimos. Aliquam ullam et reprehenderit doloremque qui sit cumque.','architecto',86494691,NULL,'1980-02-07 14:10:50','2012-07-07 05:18:58'),(36,3,36,'Voluptatibus aut quas reiciendis eum nihil est. Et enim neque occaecati nostrum enim assumenda. Qui unde et qui aut consectetur similique temporibus.','doloremque',2458,NULL,'2009-06-30 09:12:28','1998-08-02 14:37:31'),(37,1,37,'Quidem soluta amet quo et maiores ut. Accusamus accusamus sunt ut labore voluptatem. Nesciunt voluptas ratione tenetur hic vitae illo vero sint. Sapiente dolor ut ut sed aut. Dolore ipsam est consectetur vel.','est',284182575,NULL,'2016-11-04 21:32:10','1994-02-26 03:39:24'),(38,2,38,'Quae et sequi qui exercitationem et. Officiis aut qui eos nesciunt dolorem fuga sit. Aut praesentium impedit sunt eius sint nesciunt.','quisquam',97,NULL,'2020-02-22 14:22:12','1988-11-09 02:57:11'),(39,3,39,'Consequatur eligendi aut unde a ut. Consequatur quas earum omnis ut vitae voluptatem debitis. Dolorum repudiandae suscipit nulla perferendis. Voluptatem qui quis sed impedit et.','ducimus',9,NULL,'1989-05-24 20:27:30','1982-02-25 22:53:28'),(40,1,40,'Et excepturi exercitationem alias aspernatur sed ab reiciendis. Et minus molestiae vel id ex consequatur a neque. Tempora minima neque quam assumenda delectus. Qui et voluptatem quod occaecati aut aut dicta.','dolorum',8884,NULL,'2020-09-30 07:44:06','2002-12-30 02:27:38'),(41,2,41,'Deleniti deleniti dolorum voluptate praesentium eveniet omnis accusantium. Voluptatem voluptas aut quidem mollitia eveniet illo. Laboriosam cumque sint qui quod ut omnis ex. Aut doloribus occaecati id delectus omnis est reiciendis.','officiis',51,NULL,'1977-03-27 01:48:43','1974-04-28 15:38:33'),(42,3,42,'Quod corporis sint aut impedit corrupti nisi. Quam voluptas inventore enim voluptatem ab. Molestiae consequuntur nihil porro distinctio explicabo autem magni. Ut exercitationem consequatur delectus atque ut ratione.','tempora',2219298,NULL,'1986-12-22 16:51:59','2014-11-13 02:57:20'),(43,1,43,'Sit quibusdam consequuntur id. Quasi eaque quaerat repellendus. Illo est autem quasi vitae.','facilis',0,NULL,'2017-08-20 21:57:01','1978-07-21 10:24:12'),(44,2,44,'Autem rerum officiis ut aut itaque facere esse. Temporibus quis non error dolorem earum labore. Ut cum eligendi dolore omnis rem qui.','sint',31490935,NULL,'1977-04-19 18:14:25','1974-08-05 15:17:41'),(45,3,45,'Corrupti vel architecto dolores natus. Quisquam et quasi voluptatem ea ut soluta. Non similique vero neque culpa eum. Tempora officiis qui esse omnis dolores.','porro',0,NULL,'1973-07-16 16:40:20','1973-01-10 06:54:42'),(46,1,46,'Sed quibusdam deleniti ut. Incidunt natus deserunt voluptas voluptatem ducimus quia. Iure facilis veritatis dolorem dolorum mollitia corrupti.','enim',589,NULL,'2015-03-04 15:39:21','1994-06-02 12:46:13'),(47,2,47,'Cumque fuga ut corporis. Vel saepe aut earum ratione. Est aut aut quae ut.','vero',725220440,NULL,'1978-10-28 22:42:06','1986-07-30 23:38:43'),(48,3,48,'Similique non laboriosam non perspiciatis quasi qui. Omnis vero neque excepturi neque vitae impedit aut. Eius enim est facilis quis. Sit vel repellendus placeat dicta.','at',157677366,NULL,'1975-10-21 22:35:22','1989-12-01 14:41:22'),(49,1,49,'Non inventore illum et omnis praesentium assumenda amet. Quo rerum voluptas consequuntur voluptas sunt numquam qui. Officiis vel quos et consequatur. Qui autem rerum facilis perferendis iure nihil sint.','eaque',7678319,NULL,'1997-09-27 15:54:58','2003-03-04 02:04:56'),(50,2,50,'Doloremque maiores rem aliquam quam sapiente consequatur. Voluptatem quam dolores aperiam sint. Soluta repudiandae repudiandae vel voluptatem quo.','sit',8767898,NULL,'1989-12-06 13:06:32','2010-11-17 19:25:08'),(51,3,51,'Id nihil exercitationem blanditiis quos. Neque odio voluptas perspiciatis dolores. Veniam accusantium modi molestiae quia.','repellat',7011179,NULL,'1983-09-08 22:26:53','2004-05-22 10:33:06'),(52,1,52,'Dolorem doloremque ut vitae assumenda. Nihil itaque consequatur excepturi ea. Qui laudantium nihil ut perferendis. Sint praesentium molestiae culpa.','quod',76157266,NULL,'1970-10-27 17:16:45','1990-07-24 17:24:27'),(53,2,53,'Aperiam id explicabo impedit dolor repellendus. Est officiis et animi et quos alias possimus. Temporibus nulla accusantium at expedita. Repellat veniam natus debitis maxime ducimus.','quis',73,NULL,'1987-04-15 18:02:15','2005-02-03 08:08:55'),(54,3,54,'Maxime distinctio quia ut voluptatem laudantium. Distinctio enim fugiat deserunt atque. Amet dolorem eligendi dicta occaecati sint. Et ratione sit praesentium.','voluptatem',42,NULL,'2005-07-23 19:22:21','2005-12-28 23:43:08'),(55,1,55,'A quasi corporis quidem repellat debitis nulla laboriosam dolorum. Nulla accusamus tempore quam ipsum. Eveniet distinctio reiciendis dolores autem nulla laudantium.','vel',536816,NULL,'1992-11-03 18:42:53','1989-07-18 17:20:51'),(56,2,56,'Dolores commodi ex delectus a dolore. Sint dolorum cum enim provident et ad rerum. Saepe et aliquid et voluptas et.','ipsum',537,NULL,'2014-06-14 02:31:52','2014-08-05 09:52:52'),(57,3,57,'Et et culpa consequatur quasi. Enim debitis enim commodi. Ut sint sed sit error. Odio commodi nobis inventore totam natus repellendus odit.','hic',99085,NULL,'2005-04-10 15:31:48','1975-12-18 00:15:33'),(58,1,58,'Aut sed iste quibusdam blanditiis assumenda cumque quisquam quia. Perferendis temporibus inventore repellat rem non praesentium sed. Sed nihil commodi unde sapiente aut asperiores sit. A fuga distinctio ab eaque non.','provident',33291,NULL,'1975-04-01 17:59:56','2003-07-30 14:50:04'),(59,2,59,'Neque ea qui qui dolor tempora et eaque. Aut saepe quidem doloremque ea.','officiis',42107,NULL,'1973-09-16 18:53:09','1984-07-17 14:11:24'),(60,3,60,'Quia quia illum quaerat unde. Molestiae nihil autem quia corporis. Id repellendus quasi modi molestias et nihil suscipit debitis.','et',992445380,NULL,'2002-10-06 09:55:58','1996-11-18 23:30:59'),(61,1,61,'Dolorem quibusdam aliquid voluptatem autem consequatur eaque assumenda ipsam. Unde et libero et culpa unde. Ea tempore deleniti sit voluptatem ducimus.','dignissimos',865311,NULL,'1984-01-01 10:11:39','2009-06-17 08:57:53'),(62,2,62,'Omnis ipsa non non odit tempore eos. Aut nostrum in inventore eaque. Alias harum itaque nihil. Temporibus aut esse eius voluptas aliquam ea ea voluptas. Velit et perferendis velit architecto.','quia',1690,NULL,'1990-05-27 09:53:33','2000-03-09 09:16:14'),(63,3,63,'Minima alias voluptatem laborum mollitia dolorem quisquam labore. Asperiores ipsa quod et velit quo. Eaque quis quia ab est.','alias',323430,NULL,'1971-03-28 10:17:44','2008-04-28 17:12:00'),(64,1,64,'Tempora ut sed corrupti ipsa sed nemo. Eveniet ut illo quaerat ea vel omnis dolores. Eveniet et et et saepe quod excepturi. Quia impedit odit quos neque.','est',111,NULL,'2014-11-26 21:00:56','1987-01-20 13:44:23'),(65,2,65,'Non sed quas sit rerum modi maiores dignissimos. Dignissimos est unde tenetur voluptatem qui ducimus omnis aut. Sint et ut est provident. Debitis laborum officiis aspernatur. Suscipit natus eum velit qui repellendus inventore.','autem',0,NULL,'1996-10-02 17:15:22','1999-10-15 07:15:19'),(66,3,66,'Sunt quia harum aut. Animi qui nam inventore et est qui et ratione. Tenetur animi consequatur commodi possimus pariatur qui. Eveniet facilis et cum voluptatem at sit.','quis',83,NULL,'1999-01-26 21:59:52','1978-08-26 02:27:10'),(67,1,67,'Doloremque error quasi ut repellendus enim. Facilis hic odio et dignissimos veniam. Nesciunt id qui corrupti dolor quod ipsum dolores animi. Et culpa dolores et consectetur occaecati eos placeat.','nihil',48866,NULL,'1984-05-28 15:50:00','1976-04-26 03:49:50'),(68,2,68,'Est sed velit rem ut. Consequuntur et repellat quos repellat quidem. Maiores harum itaque repudiandae dolores iure corrupti dolorem.','et',0,NULL,'1984-03-20 11:33:57','2019-01-29 14:12:17'),(69,3,69,'Ipsum porro autem sapiente quis animi et aliquam. Doloremque excepturi quia laudantium facere tempora aut similique. Reprehenderit voluptas provident et error ea eos.','adipisci',125741,NULL,'1987-10-07 05:14:42','2001-06-19 19:40:34'),(70,1,70,'Vel qui illum voluptas quas labore quam dolorem inventore. Dolorem ut voluptates tempora amet. Omnis vel consequatur dolor.','earum',2656,NULL,'1986-04-20 12:21:50','2018-12-16 00:45:37'),(71,2,71,'Eligendi ipsa praesentium possimus aut sed repellendus ea. Eius similique harum totam in qui. Rerum nostrum voluptatem maxime cum. Ipsum ut odio beatae consequatur ex.','officia',209860,NULL,'2018-02-08 23:10:57','1980-12-27 05:23:34'),(72,3,72,'Facere quia sit vero et. Aut autem itaque enim et et aut. Rerum ratione ut aliquam fuga repellendus quibusdam.','id',11335,NULL,'2000-06-21 23:15:07','2010-08-29 10:52:53'),(73,1,73,'Tenetur enim eius quam quasi dolorem. Nesciunt assumenda inventore quo.','modi',938987,NULL,'1986-04-09 20:55:13','2008-05-02 01:33:04'),(74,2,74,'Laborum veritatis ratione et quia occaecati. Odit unde corporis voluptatem pariatur illo. Dignissimos qui repellendus et consectetur itaque. Consectetur consequatur earum perferendis soluta corrupti vitae. A tempora magni corporis eligendi et.','molestias',432,NULL,'1985-06-24 08:24:48','1993-02-28 09:43:15'),(75,3,75,'Veniam facere hic ab eos molestiae. Omnis non nulla modi nulla tempora voluptate. Corporis vero impedit enim nemo reiciendis possimus placeat. Est quia rerum ut maiores dolores temporibus.','consequuntur',0,NULL,'1993-12-05 00:24:22','1981-02-17 03:42:54'),(76,1,76,'Natus illum qui laboriosam. Ullam ea in maxime et. Est molestiae laboriosam dicta voluptas velit in aut. Iure numquam amet tempora. A animi ad magnam et sint accusamus provident.','voluptatibus',7447,NULL,'1992-07-22 08:42:29','1973-04-29 07:10:47'),(77,2,77,'Et vero non ullam ut molestias est. Ut voluptas nesciunt necessitatibus quis. Ut amet sapiente saepe iusto voluptatem et. Fugiat cupiditate earum qui esse placeat saepe. Voluptatem corporis praesentium tenetur in quae.','assumenda',73589572,NULL,'1971-10-31 21:55:02','2018-11-14 07:03:28'),(78,3,78,'Laborum voluptatem ut sit temporibus temporibus. Non et excepturi aliquid aliquam rerum veritatis laudantium. Voluptatem praesentium voluptate nisi facilis voluptatum enim. Qui ut sequi soluta voluptatem eos omnis.','sit',414,NULL,'1975-11-01 03:30:10','1999-09-12 23:37:34'),(79,1,79,'Expedita aliquam est iure illo quis reprehenderit iusto. Molestiae velit accusantium quia laboriosam. Fuga nemo ullam iusto illo quis recusandae. Accusantium natus nostrum animi qui dignissimos.','qui',7399133,NULL,'2004-12-06 20:24:30','1978-01-21 04:43:51'),(80,2,80,'Accusamus rem ut excepturi unde consequatur consequatur. Dolore qui ex velit.','incidunt',92394478,NULL,'1993-10-11 12:32:22','1994-06-23 01:02:59'),(81,3,81,'Ipsum natus mollitia repellat nulla rerum perferendis quos libero. Dolore a libero maxime. Quae ullam eos doloremque amet sit ducimus officia. Officia nostrum deleniti adipisci alias.','eum',6,NULL,'2012-11-14 04:54:14','1971-06-06 16:27:01'),(82,1,82,'Magni ratione cupiditate cumque expedita recusandae. Qui earum ut voluptatibus optio et. Iusto sed aut dolor dolorum magnam. Et voluptas tempora earum quaerat.','excepturi',0,NULL,'2013-12-07 12:49:47','1980-09-21 03:48:35'),(83,2,83,'Non nesciunt et repellat nam aut consequatur qui quam. Fugit sit illum nulla rerum quo. Est commodi atque delectus est ad occaecati culpa. Voluptatem omnis et reiciendis ratione vero dolores.','deserunt',421918229,NULL,'1983-04-27 19:19:17','2021-11-06 22:29:33'),(84,3,84,'Sed modi asperiores saepe eligendi maiores. Laudantium placeat velit odio dolores eos dolores. Autem et impedit quod quia sit ut.','quasi',303395,NULL,'1995-07-22 21:28:59','2005-10-07 06:24:20'),(85,1,85,'Laudantium maiores nesciunt doloribus qui dolorem ex. Possimus eligendi maxime itaque voluptatibus et. Soluta nihil modi qui. Eum et aut quae est doloremque quia.','voluptas',3,NULL,'2007-12-23 03:20:14','1993-12-16 08:43:45'),(86,2,86,'Quaerat suscipit exercitationem delectus impedit id. Rerum qui quos possimus porro quas accusantium facilis. Ducimus ut maiores ratione. Quam accusamus quidem distinctio fugiat.','et',721,NULL,'2001-12-14 06:47:49','1996-09-20 13:07:18'),(87,3,87,'Tenetur totam nihil dolorum nulla nihil. Nam est velit illo fugit ducimus sequi cum qui. Nesciunt laboriosam dolorem temporibus quis labore qui. A voluptas illum cupiditate magni sed non rerum.','libero',29843779,NULL,'1996-08-25 21:55:19','1979-09-14 23:33:23'),(88,1,88,'Doloribus ea explicabo quo ut. Amet dolor tempora ut sapiente.','nesciunt',986862,NULL,'2002-07-06 17:34:16','2003-06-16 14:48:25'),(89,2,89,'Maiores consequatur aperiam distinctio. Vel est eum dignissimos ut qui sint laudantium. Error nihil qui sed. Doloribus quod libero assumenda aut.','architecto',5,NULL,'2013-01-07 13:42:54','1975-06-12 03:53:40'),(90,3,90,'Aliquid nesciunt nemo laboriosam nobis quae. Nobis eligendi voluptatum quod aut.','assumenda',0,NULL,'1992-11-18 09:23:34','2006-06-05 07:14:08'),(91,1,91,'Dignissimos excepturi dolorem eius cum in provident ducimus nulla. Non aut qui voluptate magnam et. Ab deleniti eveniet illo repudiandae magni aut.','natus',25456236,NULL,'2012-03-29 14:08:51','1995-10-03 19:45:03'),(92,2,92,'Laborum consequatur maxime sint voluptas deserunt accusamus quo ut. Et inventore corrupti vitae voluptatem voluptatibus.','qui',7,NULL,'2019-04-19 04:15:58','1990-11-29 12:55:33'),(93,3,93,'Quis iusto molestiae illo exercitationem aut quod saepe. Rerum dolore voluptatem in.','illum',78170506,NULL,'2010-07-14 16:54:49','1995-03-17 15:06:19'),(94,1,94,'Ut enim reiciendis iste ea. Esse quia qui pariatur ut. Ea quis est esse commodi inventore aliquam quaerat.','veritatis',640476,NULL,'1972-02-23 06:43:07','2011-08-19 09:45:36'),(95,2,95,'Similique distinctio molestias consectetur voluptatum aut ut. Et reiciendis non dolorem voluptas veniam in. Omnis iste aliquam sapiente modi. Omnis consequatur ipsa quibusdam quo.','exercitationem',35201165,NULL,'2005-09-06 11:49:44','1972-11-26 11:08:15'),(96,3,96,'Excepturi aut deleniti soluta et nam consequatur rerum. Aut natus fuga alias totam reprehenderit. Eligendi voluptatem ducimus officia sit quaerat mollitia ratione nihil. Excepturi sed dignissimos praesentium illo voluptate.','cupiditate',169401,NULL,'2021-02-01 20:59:22','2011-04-30 19:54:38'),(97,1,97,'Repudiandae id ipsum mollitia autem eius maiores quia. Et vitae qui sunt asperiores nihil consequatur. Nam sed aut officiis temporibus molestias alias corporis. Dolor unde expedita sit tempore et.','dolorem',38849,NULL,'2013-09-28 12:48:27','2009-01-05 04:21:33'),(98,2,98,'Aliquam est facere consectetur aut. Voluptatem commodi accusamus sapiente praesentium mollitia itaque minima. Unde illum aut ex. Omnis ad cum et sed iste eligendi aliquam.','provident',71273924,NULL,'2006-02-27 10:28:23','1978-12-28 13:23:41'),(99,3,99,'Expedita harum unde fuga exercitationem qui non reprehenderit. Consequatur sapiente id dolores maxime. Rerum in asperiores magni ad eum maiores et. Libero qui non quo animi itaque magni. Sint ut rerum qui sed voluptatem possimus.','autem',545,NULL,'1970-06-23 20:39:49','1982-10-02 06:11:25'),(100,1,100,'Vel qui officia ea quisquam aut incidunt deleniti. Necessitatibus deleniti ipsum aut. Sint velit est asperiores ut qui sit dolores.','eum',2,NULL,'1981-02-13 14:38:35','2003-11-08 01:39:30');
/*!40000 ALTER TABLE `media` ENABLE KEYS */;
UNLOCK TABLES;

--
-- Table structure for table `media_types`
--

DROP TABLE IF EXISTS `media_types`;
/*!40101 SET @saved_cs_client     = @@character_set_client */;
/*!40101 SET character_set_client = utf8 */;
CREATE TABLE `media_types` (
  `id` bigint(20) unsigned NOT NULL AUTO_INCREMENT,
  `name` varchar(255) COLLATE utf8mb4_unicode_ci DEFAULT NULL,
  `created_at` datetime DEFAULT current_timestamp(),
  `updated_at` datetime DEFAULT NULL ON UPDATE current_timestamp(),
  UNIQUE KEY `id` (`id`)
) ENGINE=InnoDB AUTO_INCREMENT=4 DEFAULT CHARSET=utf8mb4 COLLATE=utf8mb4_unicode_ci;
/*!40101 SET character_set_client = @saved_cs_client */;

--
-- Dumping data for table `media_types`
--

LOCK TABLES `media_types` WRITE;
/*!40000 ALTER TABLE `media_types` DISABLE KEYS */;
INSERT INTO `media_types` VALUES (1,'dolorem','1981-03-09 21:51:09','1981-01-02 16:25:41'),(2,'beatae','2010-12-18 07:26:02','2012-10-17 13:30:30'),(3,'ut','1995-03-03 03:39:39','2010-03-28 06:11:13');
/*!40000 ALTER TABLE `media_types` ENABLE KEYS */;
UNLOCK TABLES;

--
-- Table structure for table `messages`
--

DROP TABLE IF EXISTS `messages`;
/*!40101 SET @saved_cs_client     = @@character_set_client */;
/*!40101 SET character_set_client = utf8 */;
CREATE TABLE `messages` (
  `id` bigint(20) unsigned NOT NULL AUTO_INCREMENT,
  `from_user_id` bigint(20) unsigned NOT NULL,
  `to_user_id` bigint(20) unsigned NOT NULL,
  `body` text COLLATE utf8mb4_unicode_ci DEFAULT NULL,
  `created_at` datetime DEFAULT current_timestamp(),
  UNIQUE KEY `id` (`id`),
  KEY `from_user_id` (`from_user_id`),
  KEY `to_user_id` (`to_user_id`),
  CONSTRAINT `messages_ibfk_1` FOREIGN KEY (`from_user_id`) REFERENCES `users` (`id`),
  CONSTRAINT `messages_ibfk_2` FOREIGN KEY (`to_user_id`) REFERENCES `users` (`id`)
) ENGINE=InnoDB AUTO_INCREMENT=501 DEFAULT CHARSET=utf8mb4 COLLATE=utf8mb4_unicode_ci;
/*!40101 SET character_set_client = @saved_cs_client */;

--
-- Dumping data for table `messages`
--

LOCK TABLES `messages` WRITE;
/*!40000 ALTER TABLE `messages` DISABLE KEYS */;
INSERT INTO `messages` VALUES (401,1,1,'Voluptatem a sequi ut omnis quibusdam illo reprehenderit nemo. Quaerat reiciendis quod et autem tempora dolores commodi qui. Est dolorum incidunt accusantium ex fugiat consectetur vel. Nihil similique voluptates vel occaecati aut fugit est. Ea rerum quam adipisci provident nobis mollitia reiciendis.','2009-11-01 21:17:38'),(402,2,2,'Nobis tempora dolor sed sint ea consequuntur repellendus. Ab est ducimus in adipisci. Facilis nihil et delectus reprehenderit eos aut.','2016-08-10 06:23:56'),(403,3,3,'Consequatur asperiores est voluptate fugiat ratione accusamus harum. Facere consequatur deleniti voluptatem assumenda. Accusantium illo temporibus animi quos debitis quasi.','2006-08-11 10:09:53'),(404,4,4,'Tempore cum omnis voluptas sint. Officiis provident atque sit labore. Et animi perspiciatis sit. Esse qui totam ullam ducimus illo magnam quos. Eligendi ipsam asperiores velit error aut et praesentium.','2008-08-13 21:03:42'),(405,5,5,'Qui iusto laudantium eos sapiente. Qui deleniti odit et vero omnis nemo omnis. Maiores provident qui et sapiente dolor aut sed. Est officiis dolorem quo quo magnam voluptatem.','1986-12-17 04:05:49'),(406,6,6,'Dolore iste corrupti laboriosam dolores iste quia. Incidunt dolore rerum delectus aut culpa. Ullam dolorem corporis nihil sunt voluptates est reiciendis quia.','1992-09-21 22:39:03'),(407,7,7,'Provident autem nulla dolore est ipsa. Nisi id velit rerum sapiente vel quia. Ipsam doloribus dolores et enim et debitis maiores.','2010-07-31 02:05:19'),(408,8,8,'Unde aut ut nihil dicta consequuntur similique. Dolores illum fuga aperiam perferendis fugit quia. Officia aut reiciendis nobis eaque qui qui beatae nam.','1988-09-04 00:13:24'),(409,9,9,'Cumque in ipsa provident rerum. Nemo suscipit aut repudiandae dicta.','2003-12-18 19:54:27'),(410,10,10,'Quod quas saepe ratione quos officiis quisquam enim. Expedita nulla voluptas fugit repellat recusandae fugiat. Exercitationem amet dolorem et assumenda nemo. Vitae quia delectus mollitia molestiae porro sunt.','2010-11-14 20:31:17'),(411,11,11,'Unde iusto sint quod molestias aut et molestiae. Qui rerum totam dolorem neque illo. Officiis voluptate molestiae autem perspiciatis.','1987-05-13 13:13:39'),(412,12,12,'Cupiditate ipsa pariatur eius quae quod. Illum error non et blanditiis. Molestias voluptatibus et aut autem maxime.','2009-05-04 02:44:00'),(413,13,13,'Minus facere qui omnis et. Quia ut et earum cumque totam enim quo. Fugit quia aut facere quod praesentium. Aspernatur vel tenetur accusamus est eaque consectetur.','2001-08-10 14:26:01'),(414,14,14,'Nobis minus est repudiandae. Sequi est ut consequatur eum. Est et et quo.','1970-04-18 17:07:57'),(415,15,15,'Possimus inventore vitae nostrum magnam ipsum. Dolorem ab nostrum rem odio commodi. Est voluptas aut ipsum adipisci asperiores enim doloremque.','1990-10-17 21:52:13'),(416,16,16,'Recusandae ut sed quod quidem ut. Ducimus quas quis non fuga tempore voluptate. Libero aliquam eius mollitia laboriosam vero. Consequatur quae officiis consectetur distinctio.','2014-05-02 12:16:50'),(417,17,17,'Explicabo consequatur nobis qui incidunt. Nobis voluptas ut totam. Aspernatur sunt omnis temporibus et eos molestias.','1987-02-12 12:08:34'),(418,18,18,'Voluptatum et aut aut blanditiis voluptatum. Omnis rerum nobis earum sunt. Natus aut optio sapiente dolor quo.','1996-05-29 02:15:41'),(419,19,19,'Sit perferendis qui atque odio sint perspiciatis rerum. Consequatur est illo et molestias laudantium ducimus. Sunt nemo aut voluptatem.','1987-06-06 06:05:00'),(420,20,20,'Laboriosam eum autem consequatur ut qui voluptas laborum optio. Sint repudiandae sunt id quis. Id et sit qui rem omnis dolores distinctio.','1980-09-15 10:45:32'),(421,21,21,'Autem in adipisci ducimus consequatur quaerat. Cum id suscipit tempore et. Voluptas et nulla laborum velit eaque consequatur. Necessitatibus quam porro est quas velit voluptatem.','2020-10-15 12:05:01'),(422,22,22,'Beatae vero nobis qui aut deserunt. Excepturi aliquam cumque voluptate voluptatem vel ad et.','2008-03-16 18:21:08'),(423,23,23,'Tenetur in nostrum illum asperiores. Quidem autem placeat dicta aut repudiandae sunt. Totam eius cumque explicabo aperiam enim et.','2018-09-08 03:14:45'),(424,24,24,'Sed ea velit consequuntur dolor voluptatem excepturi. Non nihil qui consectetur quod sapiente.','1978-02-25 04:02:13'),(425,25,25,'Ad deleniti quas magni voluptatem qui dolor. Est velit nesciunt ea quo. Fugit et suscipit commodi molestiae. Excepturi molestiae est est culpa.','2016-02-02 21:33:57'),(426,26,26,'Velit quis nemo qui ad et nihil. Porro officia soluta occaecati aut distinctio eaque minima. Quasi similique placeat suscipit assumenda consequatur. Quia ut nam mollitia.','1974-04-22 09:05:31'),(427,27,27,'Quis et et consequatur recusandae. Sunt et cumque quis provident impedit nulla commodi facilis. Eos quaerat qui est provident ad nobis ab.','2002-02-22 15:19:45'),(428,28,28,'Et ut repellendus molestias non accusantium. Dolores architecto ab aliquid aut ipsa. Et atque et quidem et enim sunt. Repellat odit ducimus expedita.','1978-08-21 19:53:21'),(429,29,29,'Fuga dolorem quis delectus corrupti quasi. Id incidunt in ad nulla sit qui. Beatae delectus voluptatibus eos quia.','2004-02-27 18:15:32'),(430,30,30,'Eaque debitis rerum suscipit rerum. Dolores eos et debitis dolor optio. Consequuntur explicabo doloremque et vel. Nesciunt quo quo qui ut doloribus soluta.','2015-10-10 16:14:40'),(431,31,31,'Dolores dolor sunt illum asperiores possimus enim est officiis. Est illum reiciendis qui sunt ut. Dolor quibusdam repellendus cumque. Rerum accusantium ipsa voluptates ab debitis facere nemo. Provident sequi laboriosam facere architecto.','2007-03-04 22:07:07'),(432,32,32,'Dolorum enim aspernatur sit voluptatibus. Aut ratione esse eaque itaque. Rerum atque soluta quia quidem molestias dicta.','2019-05-31 21:41:48'),(433,33,33,'Omnis accusamus quam aliquam consectetur et enim modi. Ab accusamus illo sint. Pariatur provident soluta id deserunt blanditiis. Similique et quia pariatur.','1988-06-14 13:39:03'),(434,34,34,'Quo aut illo totam nisi. Excepturi quaerat voluptate et numquam ut natus. Aut voluptatem velit ut voluptatem. Voluptatem nostrum sit nihil in in dolores architecto praesentium.','2002-07-03 09:42:18'),(435,35,35,'Molestiae corrupti temporibus et debitis. Nam autem fuga aspernatur amet itaque culpa blanditiis commodi. Quam mollitia ut dolores eaque deserunt suscipit deserunt. Suscipit voluptatem alias cum.','2014-06-28 09:05:58'),(436,36,36,'Dolor non minus et praesentium. Quo neque est aut alias. Eaque eum laudantium aut atque dolorum voluptate enim. Inventore molestiae laboriosam animi quam sint saepe.','1983-09-10 07:01:06'),(437,37,37,'Mollitia et tenetur eius similique. Error in dolore quos. Explicabo cum ut praesentium quam est non.','1994-09-14 19:42:13'),(438,38,38,'Et necessitatibus aliquid excepturi et facilis excepturi eius. Quas in sint iusto omnis autem. Sunt nobis cumque sunt neque quidem et magnam et. Est consequuntur est et qui et.','1971-06-07 02:00:42'),(439,39,39,'Eum explicabo sunt voluptatem rem eos omnis. Debitis facilis quia velit in et praesentium eum molestiae. Et aut adipisci commodi minima. Laudantium tempora odio asperiores.','1972-10-14 01:58:43'),(440,40,40,'Quis modi et minima ut molestiae et molestias. Id hic ipsum ratione itaque quis delectus doloremque. Nemo velit maiores et placeat in facere recusandae sunt. Ut et dolorem deleniti qui modi id expedita est.','1987-06-16 16:19:46'),(441,41,41,'Aut nulla ratione adipisci perferendis est quas ut. Corrupti eligendi autem ullam sunt repellat nihil. Dolorem molestiae id rerum doloremque distinctio. Deleniti rem deleniti ex ipsa mollitia.','1973-11-28 10:05:11'),(442,42,42,'Tempora quisquam ut sed pariatur. Fugiat commodi sit qui eum et. Nobis consequatur eum omnis enim. Ut autem totam qui vitae quisquam commodi dolores.','1999-04-28 01:16:14'),(443,43,43,'Vitae consequatur dicta in aut voluptatem. Veniam possimus numquam harum et ipsum voluptatem sint. Ea libero quae repellat voluptatum est.','1977-03-10 17:06:06'),(444,44,44,'Tenetur nobis vero eum mollitia corrupti. Explicabo minus est numquam et dolores quaerat. Cumque nam laudantium asperiores nostrum. Harum voluptas autem repellat ullam nam voluptatum occaecati.','2011-08-30 14:54:58'),(445,45,45,'Dolorem nihil excepturi esse. Temporibus deleniti earum sit. Sit quod suscipit omnis ut voluptatum.','1991-04-18 07:49:43'),(446,46,46,'Voluptas suscipit dignissimos eveniet vitae. Exercitationem ipsam molestiae sint consectetur. Eum sequi et accusamus ut ut aut aut eos. Accusantium in molestiae consequatur tempora recusandae fuga molestiae.','2013-08-30 15:06:41'),(447,47,47,'Rerum qui quisquam velit neque ex dolores. Voluptatem voluptatem qui magni enim. Sed amet in voluptate ad ipsa veritatis et.','1998-07-16 07:58:26'),(448,48,48,'Qui sequi vel inventore doloribus. Quasi est pariatur voluptas repudiandae voluptatum quisquam. Quaerat aut aliquid quia non tenetur et. Minima tempore quas fugiat voluptates quia dignissimos. Quibusdam est quo enim ex voluptatem voluptatem quia.','2020-10-10 19:17:58'),(449,49,49,'Iste ut libero inventore placeat voluptatem. Eum doloremque porro officiis. Facere quia iure quas ut harum saepe ratione. Necessitatibus iusto et dolor in accusamus fugit.','1979-06-27 01:16:35'),(450,50,50,'Libero adipisci eos repellat esse. Dolorum est aut dolor odio excepturi asperiores dicta. Reiciendis minima voluptas sit ut officia nemo.','1976-08-30 17:31:33'),(451,51,51,'Eos est praesentium dolores aperiam laborum voluptas cupiditate est. Ratione distinctio nesciunt labore cum quasi quidem. Et qui quisquam in. Sunt ratione molestias dolor possimus.','2002-06-19 08:58:12'),(452,52,52,'Ipsa corrupti officiis dolorum quis sit dolorem unde. Animi nobis cum est porro qui. Fugit et voluptatem architecto non cumque. In atque voluptatem consectetur nihil.','1984-06-29 18:45:21'),(453,53,53,'Repellendus vitae et aut perferendis. Expedita ut consequuntur animi ut eveniet eligendi ad hic. Inventore sed quisquam assumenda maxime. Sequi qui quisquam qui quia et et nisi error.','1972-04-30 08:29:37'),(454,54,54,'Voluptatem corrupti ut delectus magnam quis rerum. Qui eos quasi aspernatur architecto fugit provident ipsa. Et tenetur omnis omnis aut quia nobis dolorem.','2009-03-25 17:39:40'),(455,55,55,'Excepturi iste necessitatibus nobis occaecati dolores ut repellendus. Velit sapiente quis quia et. Praesentium ratione ipsam voluptas quae. Eius sunt nihil enim eum voluptatem nobis.','2001-09-28 01:31:26'),(456,56,56,'Sit temporibus quis ratione sapiente non est adipisci. Facilis voluptatum quisquam minima vitae.','1989-11-08 14:40:43'),(457,57,57,'Ut omnis optio quos id omnis. Quam voluptas deleniti corporis dolore illum praesentium quo. Porro iusto praesentium ad quo sed. Libero esse voluptates et vel porro.','2015-12-29 13:00:47'),(458,58,58,'Aut aliquam maiores vitae porro commodi sed autem. Nostrum sunt odit voluptate est dolores nihil est sequi. Odit nesciunt tempore eos nihil. Quae assumenda nihil numquam dicta accusamus aliquid sit repellat.','2007-05-22 09:55:21'),(459,59,59,'Aut laboriosam recusandae aspernatur quo optio. Placeat possimus consequatur ipsa eius mollitia rerum. Veritatis voluptatem mollitia suscipit labore assumenda. Voluptates praesentium sunt ipsam minus. Et dolores maiores molestias autem totam.','1970-05-29 08:58:58'),(460,60,60,'Consequatur minus dolorum omnis quia corporis. Aliquid est eaque amet rem rem quasi. Deserunt ratione rerum tenetur nostrum ea eos. Modi repellat aut in quibusdam est inventore.','1987-11-30 01:28:54'),(461,61,61,'Accusantium dolorem voluptates praesentium doloremque. Minima recusandae praesentium eveniet officiis. Molestiae qui enim ducimus aliquid dignissimos possimus consequatur eos.','1995-09-12 14:19:52'),(462,62,62,'Et omnis inventore veritatis culpa. Sit doloremque perspiciatis officiis culpa fuga accusantium repellendus.','1993-11-30 07:13:12'),(463,63,63,'Pariatur laborum est quod qui voluptatem labore. Recusandae earum adipisci delectus odio. Facilis repudiandae at dolor distinctio dolorum.','2015-09-17 05:45:53'),(464,64,64,'Ab harum eum qui aliquam. Quis consequatur rem voluptates vel. Laboriosam tempore deleniti aut consequatur sit.','1982-02-14 04:30:40'),(465,65,65,'Molestiae laudantium quasi unde sequi sit natus totam voluptatem. Atque modi sed aut nam nobis tempora. Consectetur rem odio voluptas ut molestiae. Explicabo sit ab eum qui vel.','2014-11-12 08:08:07'),(466,66,66,'Aut vel amet nemo sint. Ut ad ut molestias ea provident. Ad ut possimus beatae. Et aut voluptatem inventore eos odio minus nemo. Quis voluptate itaque qui explicabo id omnis eveniet.','1983-07-18 05:06:16'),(467,67,67,'Ea natus iure molestiae rerum et molestias deleniti. Ducimus numquam culpa omnis aspernatur qui maiores accusantium. Dolores facere voluptatem et ipsam excepturi voluptatem dolorum explicabo.','1996-08-10 12:43:18'),(468,68,68,'Facere quia commodi et. Nisi suscipit enim ut rem rem magnam non. Quia doloribus velit suscipit dolor repudiandae dicta accusantium. Occaecati eos culpa non aspernatur quisquam perferendis et.','1994-10-06 15:22:45'),(469,69,69,'Consectetur corporis voluptatem quo ut. Blanditiis dolores est dolorum et. Placeat eos vel cumque et. Aut reiciendis saepe est deleniti.','1973-12-31 21:40:24'),(470,70,70,'Et doloribus non consequuntur non culpa ut est facere. Quos earum amet amet dicta blanditiis sequi assumenda facere. Soluta rem consequatur numquam. Omnis qui laborum quis voluptatum eos eum dicta.','2011-07-24 00:16:48'),(471,71,71,'Eum repellendus eos quo voluptatem. Eveniet perspiciatis voluptate natus ab nostrum natus quia. Praesentium voluptates ut repudiandae sint voluptate nesciunt optio nobis. Ad consequuntur saepe harum impedit.','1974-06-14 17:25:45'),(472,72,72,'Adipisci excepturi accusantium vitae aspernatur placeat aliquid. Dolore iusto rerum est voluptas deleniti. Ab delectus et est aut. Qui ex sint deserunt eligendi.','1989-07-08 20:15:34'),(473,73,73,'Quia quod eos quo assumenda rerum delectus repellat. Ut similique et vitae quia. Quo non repellendus est quibusdam officia aut sit. Autem rem autem blanditiis eos odit.','2006-11-20 20:00:14'),(474,74,74,'In eos sint nulla repellendus natus optio. Dignissimos recusandae facilis qui non. Nobis quos ut cum quis. Et sit corporis cum excepturi nesciunt.','1992-03-01 10:37:01'),(475,75,75,'Odit quibusdam rem maiores dolores omnis. Ipsum atque deleniti a veritatis. Illo ut dolor voluptate ea. Praesentium fuga id aut beatae.','1988-04-18 19:43:11'),(476,76,76,'Aut itaque aliquam dicta est qui reiciendis adipisci amet. Aperiam quaerat quia asperiores similique quis blanditiis. Aspernatur officia neque voluptatem natus laudantium voluptas.','2005-01-11 17:06:07'),(477,77,77,'Autem odit numquam laboriosam harum architecto. Asperiores accusamus totam delectus in maxime et. Id dolor sit aliquid facere culpa odio aperiam. Et consequatur voluptas atque sit magni.','1996-01-06 23:06:32'),(478,78,78,'Sit harum expedita similique aut sit. Dicta eius sint asperiores quia quos. Libero aut fuga adipisci dolores. A sed sed voluptas cum ut consectetur earum.','2013-04-16 23:35:29'),(479,79,79,'Magnam non dolor consectetur quae. Soluta libero illum aperiam ex officia cum deleniti. Sed fugiat porro culpa. Libero molestiae qui accusantium nobis neque veritatis.','1999-03-22 20:48:04'),(480,80,80,'Minima saepe molestiae consequatur sed libero placeat modi suscipit. In repudiandae labore veniam quia est cupiditate. Quo facere rerum ea nobis. Corrupti totam placeat eos qui corporis.','2015-10-20 13:13:30'),(481,81,81,'Nesciunt tenetur consectetur consequatur omnis libero magni delectus veritatis. Doloremque nostrum in quos omnis dolorem. Sequi debitis quisquam quaerat necessitatibus dolorum omnis magni. Quisquam optio iste tempora maiores dolore.','2019-05-06 14:28:54'),(482,82,82,'Quo autem dicta omnis omnis et. Aliquam minima veniam autem voluptatum sed explicabo. Sunt eligendi voluptatum molestiae non perspiciatis quia. Ad ratione saepe dolores est.','1974-06-28 02:26:14'),(483,83,83,'Accusamus perspiciatis consequatur quaerat sunt magni. Corporis aut expedita illo ipsum nam. Natus nemo facilis dignissimos sunt id quo dicta. Qui accusantium libero occaecati consequatur voluptas.','2016-12-26 05:01:28'),(484,84,84,'Quo tempore sit quis dolorem. Maiores quibusdam ad suscipit ratione qui voluptate sed. Quos rem dolorem voluptates.','1986-09-08 00:53:57'),(485,85,85,'Adipisci cumque aut non. Voluptates repellat consequatur enim iste facilis. Nemo maiores et voluptates et.','1990-10-09 01:17:06'),(486,86,86,'Qui consequatur pariatur necessitatibus maiores. Pariatur incidunt eius temporibus sit voluptatem illum. Consequatur quia omnis eos.','2010-03-18 15:26:42'),(487,87,87,'Enim quam perspiciatis quasi nemo placeat dignissimos mollitia autem. Laboriosam rerum quas minus nihil optio eos quia.','1989-03-23 11:49:02'),(488,88,88,'Atque officia minima ut ut. Et voluptas iure modi necessitatibus tempora aut est. Repellendus at architecto ea facilis architecto eaque quaerat.','1989-05-08 14:28:26'),(489,89,89,'Sit necessitatibus eveniet sunt doloremque ratione. Id doloribus facilis rem aliquam iste quia consectetur. Dolore praesentium cupiditate quas vel quam.','1991-02-06 22:07:00'),(490,90,90,'Optio in ut occaecati nihil. Eos enim facere dolor.','2017-03-29 02:34:12'),(491,91,91,'Aut similique corporis excepturi quia et. Reprehenderit alias adipisci asperiores at qui dicta. Aperiam architecto sint ut in sequi. Odio omnis earum rerum aut reiciendis rem facere.','1983-01-21 14:16:26'),(492,92,92,'Adipisci corrupti occaecati libero exercitationem dolor. Commodi sint sunt et aperiam. Et dolores voluptatibus quaerat non hic molestiae.','2011-08-09 09:30:35'),(493,93,93,'Quia fugiat itaque iure dolores. Dolor sunt necessitatibus qui dolorum. Adipisci totam voluptas perferendis voluptate ad commodi. Atque suscipit et quibusdam laboriosam dolores cupiditate.','1976-05-10 01:13:00'),(494,94,94,'Laboriosam voluptatem saepe esse et vero aut et. Iure repudiandae deleniti aut sed exercitationem facere optio. Voluptas provident quo sint hic rerum aut. Assumenda ea delectus ipsum dolorem vel officia qui.','2020-11-09 19:06:43'),(495,95,95,'Soluta ut sed provident temporibus nulla. Adipisci inventore molestiae debitis sed perferendis a. Magni voluptatum quia tenetur consectetur.','2013-01-25 02:35:39'),(496,96,96,'Vel architecto qui esse omnis. Eligendi quis iure sunt veritatis. Id praesentium rerum nihil facere. Doloribus voluptas dolores optio et autem.','2016-05-13 23:41:01'),(497,97,97,'Esse sit laboriosam unde dignissimos quam. Distinctio accusamus et facere quo quibusdam nisi.','1989-03-01 03:09:39'),(498,98,98,'Ipsum et debitis assumenda nisi eos. Quae aut dicta accusantium et vel autem enim. Quis perspiciatis sit aut dolor deserunt. Est repellat quaerat odit harum praesentium hic quos.','1995-03-19 22:32:52'),(499,99,99,'Velit dolorem occaecati omnis consequuntur qui quae. Officia dicta impedit iure. Earum nesciunt ut quod ut molestiae. In ipsam ut nostrum sit architecto eaque nobis.','2014-05-05 19:00:02'),(500,100,100,'Nostrum et perferendis maxime odio. Fuga est qui et eligendi vel explicabo voluptate dolor.','2012-12-25 10:25:09');
/*!40000 ALTER TABLE `messages` ENABLE KEYS */;
UNLOCK TABLES;

--
-- Table structure for table `permission_role`
--

DROP TABLE IF EXISTS `permission_role`;
/*!40101 SET @saved_cs_client     = @@character_set_client */;
/*!40101 SET character_set_client = utf8 */;
CREATE TABLE `permission_role` (
  `permission_id` bigint(20) unsigned NOT NULL,
  `role_id` bigint(20) unsigned NOT NULL,
  KEY `permission_id` (`permission_id`),
  KEY `role_id` (`role_id`),
  CONSTRAINT `permission_role_ibfk_1` FOREIGN KEY (`permission_id`) REFERENCES `permissions` (`id`),
  CONSTRAINT `permission_role_ibfk_2` FOREIGN KEY (`role_id`) REFERENCES `roles` (`id`)
) ENGINE=InnoDB DEFAULT CHARSET=utf8mb4 COLLATE=utf8mb4_unicode_ci;
/*!40101 SET character_set_client = @saved_cs_client */;

--
-- Dumping data for table `permission_role`
--

LOCK TABLES `permission_role` WRITE;
/*!40000 ALTER TABLE `permission_role` DISABLE KEYS */;
INSERT INTO `permission_role` VALUES (1,1),(2,2),(3,3),(4,4),(5,5),(6,6),(7,7),(1,8),(2,1),(3,2),(4,3),(5,4),(6,5),(7,6),(1,7),(2,8),(3,1),(4,2),(5,3),(6,4),(7,5),(1,6),(2,7),(3,8),(4,1),(5,2),(6,3),(7,4),(1,5),(2,6);
/*!40000 ALTER TABLE `permission_role` ENABLE KEYS */;
UNLOCK TABLES;

--
-- Table structure for table `permissions`
--

DROP TABLE IF EXISTS `permissions`;
/*!40101 SET @saved_cs_client     = @@character_set_client */;
/*!40101 SET character_set_client = utf8 */;
CREATE TABLE `permissions` (
  `id` bigint(20) unsigned NOT NULL AUTO_INCREMENT,
  `key_permission` bigint(20) unsigned NOT NULL,
  `table_name` varchar(100) COLLATE utf8mb4_unicode_ci DEFAULT NULL,
  `created_at` datetime DEFAULT current_timestamp(),
  `updated_at` datetime DEFAULT NULL ON UPDATE current_timestamp(),
  UNIQUE KEY `id` (`id`)
) ENGINE=InnoDB AUTO_INCREMENT=8 DEFAULT CHARSET=utf8mb4 COLLATE=utf8mb4_unicode_ci;
/*!40101 SET character_set_client = @saved_cs_client */;

--
-- Dumping data for table `permissions`
--

LOCK TABLES `permissions` WRITE;
/*!40000 ALTER TABLE `permissions` DISABLE KEYS */;
INSERT INTO `permissions` VALUES (1,0,'id','1986-07-27 01:18:59','1992-11-08 09:28:56'),(2,0,'unde','1989-06-06 17:38:45','1970-09-04 15:39:20'),(3,0,'impedit','1981-07-22 23:53:53','2004-06-09 02:39:05'),(4,0,'voluptate','2016-04-11 06:48:22','2019-03-27 04:37:51'),(5,0,'esse','1987-07-24 03:10:17','1973-01-26 15:58:58'),(6,0,'qui','2017-07-24 08:06:20','1995-02-16 06:43:27'),(7,0,'eaque','1970-09-19 03:14:25','2019-08-07 08:12:27');
/*!40000 ALTER TABLE `permissions` ENABLE KEYS */;
UNLOCK TABLES;

--
-- Table structure for table `profiles`
--

DROP TABLE IF EXISTS `profiles`;
/*!40101 SET @saved_cs_client     = @@character_set_client */;
/*!40101 SET character_set_client = utf8 */;
CREATE TABLE `profiles` (
  `user_id` bigint(20) unsigned NOT NULL,
  `gender` char(1) COLLATE utf8mb4_unicode_ci DEFAULT NULL,
  `birhday` date DEFAULT NULL,
  `photo_id` bigint(20) unsigned DEFAULT NULL,
  `created_at` datetime DEFAULT current_timestamp(),
  `hometown` varchar(100) COLLATE utf8mb4_unicode_ci DEFAULT NULL,
  `updated_at` datetime DEFAULT NULL ON UPDATE current_timestamp(),
  UNIQUE KEY `user_id` (`user_id`),
  CONSTRAINT `profiles_ibfk_1` FOREIGN KEY (`user_id`) REFERENCES `users` (`id`)
) ENGINE=InnoDB DEFAULT CHARSET=utf8mb4 COLLATE=utf8mb4_unicode_ci;
/*!40101 SET character_set_client = @saved_cs_client */;

--
-- Dumping data for table `profiles`
--

LOCK TABLES `profiles` WRITE;
/*!40000 ALTER TABLE `profiles` DISABLE KEYS */;
INSERT INTO `profiles` VALUES (1,NULL,'2014-11-04',1,'2000-03-14 00:28:28','143 Kreiger Run Apt. 280','2003-08-01 08:14:12'),(2,NULL,'1973-05-24',2,'2018-02-16 17:38:14','53339 Solon Courts Suite 376','1989-07-20 11:01:57'),(3,NULL,'2020-02-15',3,'1987-11-02 14:48:39','704 Heller Parks Suite 812','1977-11-11 12:18:50'),(4,NULL,'1997-05-07',4,'2001-09-30 21:09:15','6358 Christophe Gardens','2013-01-02 01:46:36'),(5,NULL,'2001-06-08',5,'1980-05-27 18:26:54','583 Schneider Drive Suite 057','2008-01-13 15:30:16'),(6,NULL,'1997-03-17',6,'1979-05-03 22:07:55','3083 Dell Loop Suite 664','1996-01-19 02:11:37'),(7,NULL,'2001-02-24',7,'1990-07-18 03:45:20','6613 Keeley Walks','2009-10-17 18:50:06'),(8,NULL,'1974-06-27',8,'1978-02-10 20:28:59','505 Franz Creek','1981-09-24 08:29:49'),(9,NULL,'1995-01-31',9,'2019-09-21 23:35:17','13374 Keebler Course','2006-06-08 07:25:38'),(10,NULL,'2000-04-13',10,'2011-06-04 17:32:33','623 Tomas Keys Suite 344','2017-04-07 09:14:40'),(11,NULL,'2009-06-05',11,'1979-02-08 10:22:26','848 Moore Causeway Apt. 795','1971-12-18 15:58:04'),(12,NULL,'2003-10-25',12,'2015-07-27 21:09:51','71407 Schumm Estate','1992-04-18 13:38:31'),(13,NULL,'1971-06-02',13,'1985-11-17 08:14:02','0785 Boyer Inlet','1995-10-10 03:49:17'),(14,NULL,'2006-06-22',14,'2021-09-18 20:57:26','0144 Hettinger Heights','2003-03-17 09:50:49'),(15,NULL,'1981-12-25',15,'2018-04-10 11:29:52','93884 Darlene Fort','1991-03-14 09:40:41'),(16,NULL,'2000-12-19',16,'1993-12-24 17:51:05','7990 Purdy Lane','2008-09-15 03:15:45'),(17,NULL,'2009-06-14',17,'2018-02-05 14:52:40','51571 Afton Station Suite 949','2018-10-21 02:52:21'),(18,NULL,'1994-10-29',18,'2017-08-15 07:56:48','12135 Maximillian Mountains','1973-06-21 22:44:24'),(19,NULL,'2013-12-09',19,'2017-06-25 02:13:21','24752 Reynolds Brooks Apt. 335','2004-01-31 11:14:18'),(20,NULL,'1980-02-02',20,'2003-01-17 01:29:51','519 Myriam Dam Suite 066','2011-02-02 21:15:41'),(21,NULL,'2003-11-21',21,'2005-11-08 05:35:02','280 Aurelio Grove Suite 433','1977-04-25 12:50:05'),(22,NULL,'2017-12-19',22,'1988-02-13 22:36:26','1307 Cruickshank Lake','2019-06-06 07:15:56'),(23,NULL,'1984-06-01',23,'2014-08-25 08:37:47','94498 Morar Meadows','2006-09-25 14:53:40'),(24,NULL,'1973-12-15',24,'2011-04-03 01:18:23','9366 Koss Track Apt. 165','1994-08-08 18:12:44'),(25,NULL,'1970-09-03',25,'2007-02-16 09:17:29','19281 Shad Knolls','1979-04-17 04:45:16'),(26,NULL,'1999-08-09',26,'1989-04-02 00:50:27','51089 Rashad Mall','1999-11-09 02:49:25'),(27,NULL,'1990-07-12',27,'1985-02-13 11:42:32','2629 Effie Trafficway Suite 351','2020-05-19 07:01:12'),(28,NULL,'1992-07-16',28,'1992-04-12 22:58:11','565 Hyatt Corners','1984-07-26 08:59:43'),(29,NULL,'2009-09-05',29,'1989-12-26 05:14:59','66515 Polly Branch Suite 139','1996-08-06 01:10:01'),(30,NULL,'1970-03-07',30,'2010-01-27 05:59:07','718 Trisha Dale','1981-04-03 22:35:06'),(31,NULL,'2020-03-04',31,'2021-03-12 01:52:04','8876 Ziemann Harbor','1982-10-23 12:03:27'),(32,NULL,'2006-05-23',32,'1976-04-05 14:10:10','0972 Schneider Haven','1971-01-31 06:21:22'),(33,NULL,'1994-12-27',33,'2018-06-26 10:18:09','3189 Lavada Port Suite 056','1985-11-13 18:49:10'),(34,NULL,'1976-01-09',34,'1991-11-17 11:39:20','62383 Dietrich Neck Suite 906','2000-12-20 02:45:58'),(35,NULL,'1983-05-27',35,'2018-01-23 20:22:56','3111 Clarabelle Circles','1981-08-03 03:33:51'),(36,NULL,'2019-12-27',36,'2012-07-09 21:00:12','95094 Ken Mill','1983-09-29 22:33:21'),(37,NULL,'2016-01-02',37,'1971-10-12 15:16:34','67934 Swift Stream Apt. 891','1979-08-15 22:45:34'),(38,NULL,'2019-02-28',38,'2014-05-09 12:23:58','871 Jayden Islands','2010-09-22 22:33:22'),(39,NULL,'1976-12-26',39,'2016-06-04 23:47:33','105 Legros Lake Apt. 651','1971-02-24 03:50:52'),(40,NULL,'2007-11-12',40,'1988-04-27 08:38:23','8605 Makayla Village Suite 056','2000-05-20 06:23:35'),(41,NULL,'1979-10-27',41,'2014-07-31 23:53:03','01104 Juwan Greens Suite 996','2015-03-11 03:04:58'),(42,NULL,'2002-08-26',42,'1987-06-11 11:48:41','95238 Hand Mall Suite 989','1996-09-22 16:17:47'),(43,NULL,'1989-06-24',43,'1999-06-26 04:30:56','981 Langworth Mews','1995-12-17 03:39:33'),(44,NULL,'2000-12-18',44,'2000-06-29 15:35:21','78918 Baumbach Neck Suite 314','1992-04-24 13:49:46'),(45,NULL,'1992-01-10',45,'1993-07-04 13:12:18','086 Bogisich Burgs Suite 882','2015-03-24 07:00:45'),(46,NULL,'2002-02-12',46,'2013-11-17 19:22:49','3714 Cassin Lakes','2015-11-11 12:10:13'),(47,NULL,'1993-08-18',47,'2000-10-11 23:51:24','188 Crist Green','2020-01-07 07:40:19'),(48,NULL,'1984-12-17',48,'1970-01-08 19:41:14','0829 Virgil Lock Suite 023','1994-06-19 14:38:43'),(49,NULL,'2016-01-03',49,'1981-08-08 08:11:12','7120 Genesis Vista','2021-11-02 01:44:57'),(50,NULL,'1987-09-16',50,'2012-11-29 22:45:58','2832 Quitzon Crossing Apt. 695','1998-04-09 04:07:41'),(51,NULL,'2000-06-03',51,'2011-07-14 02:22:24','4572 Rippin Well Apt. 806','1999-01-02 15:54:10'),(52,NULL,'2010-05-31',52,'1974-01-25 19:56:54','56068 Karen Crest Suite 649','2015-04-26 04:55:33'),(53,NULL,'1984-11-25',53,'2005-08-13 13:52:06','5331 McGlynn Way Suite 154','2010-11-06 11:11:10'),(54,NULL,'2000-08-21',54,'1991-01-01 04:07:12','2326 Kuhlman Dam Suite 321','1995-05-24 17:13:55'),(55,NULL,'1979-02-17',55,'1975-06-03 03:13:07','75923 Kunze Lights','1991-02-14 05:52:18'),(56,NULL,'1981-03-19',56,'2008-04-06 21:42:41','7618 Joany Prairie','2006-04-09 10:09:33'),(57,NULL,'2008-03-21',57,'1985-11-16 03:19:15','2274 Renner Lakes Apt. 918','2014-09-17 18:27:09'),(58,NULL,'1996-07-17',58,'2017-01-29 13:49:21','5654 Dickens Mount','1993-08-02 15:44:50'),(59,NULL,'2006-09-10',59,'2017-11-05 03:15:44','697 Kreiger Trail','2012-06-27 23:54:47'),(60,NULL,'2002-06-20',60,'2003-05-16 05:41:39','70508 Hyatt Plains','1977-08-12 15:35:19'),(61,NULL,'1984-11-09',61,'2018-01-20 02:11:09','70041 Norris Gateway Suite 342','2004-12-10 15:43:35'),(62,NULL,'1996-11-27',62,'1981-12-23 21:20:46','6154 Botsford Harbors','1988-09-24 12:22:56'),(63,NULL,'1992-07-12',63,'2006-06-26 16:24:11','1934 Arnold Ways Suite 557','1995-06-16 15:43:43'),(64,NULL,'1983-06-13',64,'1982-04-19 08:07:18','334 Karlie Mountain','2021-10-01 04:09:34'),(65,NULL,'2020-11-25',65,'2001-09-18 00:48:29','44881 Madie Vista Suite 360','1977-02-15 23:23:41'),(66,NULL,'1982-01-19',66,'1987-03-01 22:26:10','925 D\'Amore Village','1990-01-22 15:37:12'),(67,NULL,'2003-08-31',67,'1985-01-02 05:35:34','6963 Batz Passage Suite 525','1996-10-31 11:58:19'),(68,NULL,'2001-11-26',68,'2002-10-05 04:46:38','67876 Hintz Extension','2021-05-13 11:13:44'),(69,NULL,'2007-10-12',69,'2005-02-10 22:40:10','539 Sierra Burgs Suite 595','1976-10-02 16:46:14'),(70,NULL,'2010-05-26',70,'2006-10-13 03:02:39','2505 Ward Bypass Suite 383','2013-08-03 20:02:52'),(71,NULL,'2015-04-02',71,'2017-03-24 16:19:40','167 Ratke Trail','2013-10-20 22:01:37'),(72,NULL,'1998-01-13',72,'1995-01-17 12:10:29','2641 Kertzmann Summit Apt. 307','2010-09-21 14:18:20'),(73,NULL,'1991-12-17',73,'1973-05-26 19:14:41','6170 Quigley Trace Suite 250','1980-04-29 19:50:06'),(74,NULL,'1983-05-18',74,'1987-03-17 01:35:15','3491 Kuvalis Summit','2006-12-08 13:18:22'),(75,NULL,'1980-07-07',75,'1977-03-01 23:46:15','8475 Stanton Greens','1987-01-19 06:00:25'),(76,NULL,'2012-02-23',76,'2001-08-19 08:00:03','6360 Aileen Drive Apt. 940','1981-01-16 05:29:44'),(77,NULL,'2005-06-03',77,'1992-08-13 09:17:29','05219 Jacky Road','2017-07-10 16:05:09'),(78,NULL,'1986-07-20',78,'2015-11-28 01:28:10','255 Roob Skyway','1977-04-27 15:23:41'),(79,NULL,'2005-07-10',79,'1996-11-21 09:59:36','141 Marina Plaza','1971-04-29 13:03:57'),(80,NULL,'1978-01-08',80,'1977-07-14 17:12:20','76728 Micheal Parkways','1981-01-14 05:24:20'),(81,NULL,'1970-01-09',81,'2015-08-28 14:48:38','695 Shields Brook Apt. 890','1997-05-23 10:26:57'),(82,NULL,'1994-05-13',82,'1974-05-07 02:09:52','327 Oleta Rue Suite 394','2020-01-07 22:14:54'),(83,NULL,'2008-04-26',83,'1973-04-09 01:08:25','42758 Maurice Glens','1992-07-20 14:07:13'),(84,NULL,'2011-10-13',84,'2015-01-09 08:02:13','7372 Maximillia Isle','2002-07-14 17:13:34'),(85,NULL,'2001-01-08',85,'2021-10-14 12:25:24','0604 Maxine Field','1987-12-22 01:39:28'),(86,NULL,'2017-08-22',86,'1992-01-05 22:33:48','8664 Aniyah Freeway','2014-10-30 23:22:14'),(87,NULL,'1995-05-31',87,'1982-04-06 07:33:26','54556 Wyman Cliffs Suite 123','1990-06-18 07:14:20'),(88,NULL,'2000-12-27',88,'1977-02-09 22:34:19','33771 Fiona Gateway','1977-10-16 18:00:28'),(89,NULL,'2009-05-20',89,'1976-11-03 23:02:40','55483 Mante Lodge Suite 376','1992-02-29 23:51:04'),(90,NULL,'2006-04-09',90,'2011-08-13 03:00:00','42569 Shania Course Suite 049','2003-07-21 18:00:00'),(91,NULL,'1984-03-15',91,'1978-04-26 13:15:22','02472 Candice Mission Apt. 811','2016-07-22 12:50:01'),(92,NULL,'2011-11-13',92,'2010-03-11 17:35:35','4748 Ankunding Extension','2000-12-02 17:31:01'),(93,NULL,'2009-04-13',93,'2008-11-14 08:27:45','954 Jody Mission Suite 581','1995-06-08 05:09:42'),(94,NULL,'1976-02-25',94,'1995-08-19 04:40:22','639 Gerald Manors Suite 535','1983-08-01 14:24:52'),(95,NULL,'2005-03-27',95,'1978-10-15 08:10:55','48684 Bartell River Suite 822','1977-08-21 00:08:38'),(96,NULL,'1971-05-15',96,'1970-04-30 04:58:15','6693 Torp Lights Suite 092','1995-01-16 20:28:57'),(97,NULL,'1970-01-13',97,'1994-09-10 02:00:25','76244 Langworth Wells Apt. 205','1971-12-01 02:06:20'),(98,NULL,'1971-07-18',98,'2016-06-16 12:17:44','620 Cecelia Mountains Suite 310','2002-12-12 18:49:05'),(99,NULL,'2017-11-28',99,'1979-06-08 09:36:07','409 Hamill Hollow','1991-05-11 12:48:18'),(100,NULL,'2021-05-07',100,'2004-04-26 03:36:10','3440 Janae Circles Suite 816','1984-03-14 13:55:00');
/*!40000 ALTER TABLE `profiles` ENABLE KEYS */;
UNLOCK TABLES;

--
-- Table structure for table `roles`
--

DROP TABLE IF EXISTS `roles`;
/*!40101 SET @saved_cs_client     = @@character_set_client */;
/*!40101 SET character_set_client = utf8 */;
CREATE TABLE `roles` (
  `id` bigint(20) unsigned NOT NULL AUTO_INCREMENT,
  `name` varchar(100) COLLATE utf8mb4_unicode_ci DEFAULT NULL,
  `slug` varchar(100) COLLATE utf8mb4_unicode_ci DEFAULT NULL,
  `created_at` datetime DEFAULT current_timestamp(),
  `updated_at` datetime DEFAULT NULL ON UPDATE current_timestamp(),
  UNIQUE KEY `id` (`id`),
  UNIQUE KEY `name` (`name`)
) ENGINE=InnoDB AUTO_INCREMENT=9 DEFAULT CHARSET=utf8mb4 COLLATE=utf8mb4_unicode_ci;
/*!40101 SET character_set_client = @saved_cs_client */;

--
-- Dumping data for table `roles`
--

LOCK TABLES `roles` WRITE;
/*!40000 ALTER TABLE `roles` DISABLE KEYS */;
INSERT INTO `roles` VALUES (1,'Beginner',NULL,'1973-08-19 13:18:58','2020-03-14 02:57:51'),(2,'Middle',NULL,'1980-05-27 02:50:54','1985-12-18 21:23:39'),(3,'Master',NULL,'1987-01-06 00:54:59','1985-12-20 18:56:15'),(4,'NewMember',NULL,'1973-09-18 20:23:07','2005-03-14 16:52:54'),(5,'NoFirst',NULL,'1995-03-29 19:45:51','2005-01-17 20:56:47'),(6,'ClassikClient',NULL,'1976-05-06 19:03:07','1985-04-22 20:37:22'),(7,'PremiumClient',NULL,'1989-03-10 05:38:51','2008-08-30 18:42:16'),(8,'VIP Client',NULL,'1991-05-19 12:49:02','2014-04-14 06:59:32');
/*!40000 ALTER TABLE `roles` ENABLE KEYS */;
UNLOCK TABLES;

--
-- Table structure for table `service_appointments`
--

DROP TABLE IF EXISTS `service_appointments`;
/*!40101 SET @saved_cs_client     = @@character_set_client */;
/*!40101 SET character_set_client = utf8 */;
CREATE TABLE `service_appointments` (
  `id` bigint(20) unsigned NOT NULL AUTO_INCREMENT,
  `id_appointment` bigint(20) unsigned NOT NULL,
  `service_id` bigint(20) unsigned NOT NULL,
  `created_at` datetime DEFAULT current_timestamp(),
  `updated_at` datetime DEFAULT NULL ON UPDATE current_timestamp(),
  UNIQUE KEY `id` (`id`),
  KEY `id_appointment` (`id_appointment`),
  CONSTRAINT `service_appointments_ibfk_1` FOREIGN KEY (`id_appointment`) REFERENCES `appointments` (`id`)
) ENGINE=InnoDB AUTO_INCREMENT=101 DEFAULT CHARSET=utf8mb4 COLLATE=utf8mb4_unicode_ci;
/*!40101 SET character_set_client = @saved_cs_client */;

--
-- Dumping data for table `service_appointments`
--

LOCK TABLES `service_appointments` WRITE;
/*!40000 ALTER TABLE `service_appointments` DISABLE KEYS */;
INSERT INTO `service_appointments` VALUES (1,1,1,'2007-11-04 12:08:09','1992-01-20 23:51:46'),(2,2,2,'2021-08-04 17:39:26','2015-10-04 16:53:11'),(3,3,3,'1977-04-13 14:37:26','1980-11-13 05:32:18'),(4,4,4,'1979-12-16 21:48:56','2018-02-21 01:14:18'),(5,5,5,'1981-11-04 13:24:28','2014-06-09 02:43:43'),(6,6,6,'1970-09-19 02:51:00','2002-11-22 19:47:55'),(7,7,7,'1975-10-26 00:01:49','2001-05-20 18:37:04'),(8,8,8,'2004-07-13 19:55:45','1988-09-03 22:03:32'),(9,9,9,'1972-09-04 07:11:59','2001-09-20 11:48:59'),(10,10,10,'2014-03-20 20:23:12','1988-03-10 22:16:02'),(11,11,11,'2008-04-13 02:43:19','1998-04-20 05:00:38'),(12,12,12,'1990-04-19 18:50:14','1976-08-14 09:07:15'),(13,13,13,'2020-01-03 17:38:40','1981-09-03 13:38:50'),(14,14,14,'2009-10-21 09:32:37','1970-09-12 23:48:34'),(15,15,15,'1976-03-09 06:31:05','2019-04-02 17:24:53'),(16,16,16,'2009-09-24 03:51:53','2011-01-17 06:33:37'),(17,17,17,'1985-11-15 21:22:22','1998-06-02 13:33:43'),(18,18,18,'1985-01-07 07:05:09','1979-08-30 01:28:20'),(19,19,19,'2014-05-13 12:21:20','1977-08-05 08:10:28'),(20,20,20,'2006-05-17 22:55:14','1983-02-19 07:01:44'),(21,21,21,'2006-08-14 04:00:02','1975-08-14 05:27:10'),(22,22,22,'2009-10-25 19:14:19','1991-11-21 16:43:00'),(23,23,23,'1974-09-06 12:13:48','1993-03-11 13:09:46'),(24,24,24,'1977-11-20 09:45:22','1981-07-11 18:27:34'),(25,25,25,'2000-02-15 14:40:13','1988-06-04 10:29:38'),(26,26,26,'1999-05-01 07:16:42','2015-01-25 00:38:13'),(27,27,27,'1971-06-04 20:02:40','1990-03-05 13:35:43'),(28,28,28,'1997-09-10 21:10:03','1971-12-04 19:48:23'),(29,29,29,'2005-09-23 08:39:17','2017-12-09 19:53:26'),(30,30,30,'2007-07-23 04:07:57','2016-04-04 16:09:40'),(31,31,31,'1985-04-02 06:26:37','2012-09-05 05:57:47'),(32,32,32,'2005-06-05 10:49:52','1982-03-09 09:02:02'),(33,33,33,'1981-06-18 11:38:37','2000-08-30 07:20:03'),(34,34,34,'1980-02-27 00:44:16','2017-12-01 05:10:32'),(35,35,35,'1977-01-12 08:34:32','1996-12-15 01:05:52'),(36,36,36,'2008-03-10 02:24:04','1994-07-03 18:59:48'),(37,37,37,'2010-10-12 18:33:41','1997-03-07 00:48:37'),(38,38,38,'2021-04-20 14:13:52','2018-08-10 21:19:34'),(39,39,39,'1998-07-22 13:08:17','1986-05-27 03:55:14'),(40,40,40,'1996-12-13 14:39:03','2019-07-03 16:10:08'),(41,41,41,'2000-09-09 11:27:53','2016-05-29 11:33:30'),(42,42,42,'2007-06-03 04:32:19','2003-03-13 01:37:02'),(43,43,43,'2018-05-21 04:54:39','2015-01-14 19:44:52'),(44,44,44,'1986-06-14 18:14:13','1981-07-18 00:37:38'),(45,45,45,'1972-11-01 07:29:12','1981-04-19 12:39:10'),(46,46,46,'1978-02-03 22:07:55','2020-05-10 02:49:57'),(47,47,47,'2011-04-30 18:25:14','1976-07-25 07:51:39'),(48,48,48,'1970-05-02 11:41:16','1998-06-06 15:14:50'),(49,49,49,'2001-07-29 01:52:15','2020-07-19 02:21:57'),(50,50,50,'1994-09-22 19:14:29','1975-10-05 04:10:46'),(51,51,51,'2020-03-07 08:18:26','1988-09-28 00:35:07'),(52,52,52,'1975-11-28 12:43:59','1985-11-14 12:22:30'),(53,53,53,'2014-11-29 17:44:39','1999-08-21 17:34:08'),(54,54,54,'1976-05-24 04:03:09','2017-09-15 19:20:54'),(55,55,55,'1977-09-06 11:55:43','2009-06-04 03:00:40'),(56,56,56,'2005-05-19 21:15:13','2001-05-21 22:22:34'),(57,57,57,'2011-05-12 09:31:23','2016-07-03 10:07:15'),(58,58,58,'1992-01-02 04:44:08','2013-08-19 01:55:07'),(59,59,59,'1974-07-27 05:23:03','1986-01-14 22:21:04'),(60,60,60,'2014-05-28 06:00:50','1996-09-19 04:00:39'),(61,61,61,'1992-10-31 14:03:57','1984-09-26 02:39:37'),(62,62,62,'2008-02-29 02:54:04','1998-01-14 15:42:45'),(63,63,63,'1983-07-05 21:02:34','2020-08-25 20:12:41'),(64,64,64,'1985-03-13 11:46:38','1986-07-20 22:36:40'),(65,65,65,'1982-04-09 22:54:27','1984-02-16 01:35:20'),(66,66,66,'1982-06-15 05:22:38','2017-09-05 14:02:13'),(67,67,67,'1994-11-11 21:41:01','2007-06-24 03:04:41'),(68,68,68,'1978-04-18 01:19:12','2014-09-07 20:58:21'),(69,69,69,'1998-06-03 06:36:11','1981-03-24 16:12:24'),(70,70,70,'2006-07-14 19:05:12','1971-03-15 00:02:55'),(71,71,71,'1995-05-23 23:19:59','1997-01-29 17:04:49'),(72,72,72,'1975-01-12 03:56:20','2009-11-24 23:00:24'),(73,73,73,'1987-07-30 08:55:53','1976-03-01 06:45:19'),(74,74,74,'2015-10-12 05:55:21','1993-10-09 03:24:30'),(75,75,75,'2014-04-04 19:10:20','2004-05-03 07:59:28'),(76,76,76,'2004-09-17 13:09:51','2019-09-12 23:10:38'),(77,77,77,'2009-11-11 04:09:57','1978-06-09 04:19:06'),(78,78,78,'1990-07-28 08:10:12','2010-10-22 16:16:37'),(79,79,79,'1985-07-12 22:05:40','1988-01-09 01:31:49'),(80,80,80,'1977-03-03 06:37:48','1997-05-08 22:49:16'),(81,81,81,'2019-12-15 17:18:19','1989-02-11 14:56:36'),(82,82,82,'2010-02-13 11:51:22','2000-02-28 00:09:06'),(83,83,83,'1974-04-03 18:19:56','1971-05-18 07:37:00'),(84,84,84,'1980-05-10 16:30:24','2020-11-12 05:02:40'),(85,85,85,'2001-10-12 10:11:42','1992-06-09 04:16:38'),(86,86,86,'2015-11-21 02:41:12','2017-04-12 08:48:01'),(87,87,87,'2002-06-11 16:55:12','2005-03-20 07:47:26'),(88,88,88,'1995-04-22 21:09:30','2019-02-23 22:27:40'),(89,89,89,'1974-03-21 22:11:27','1982-03-28 23:02:18'),(90,90,90,'1980-04-17 03:39:19','1992-06-06 10:47:14'),(91,91,91,'2002-08-11 09:17:24','2014-08-14 16:03:31'),(92,92,92,'2021-09-12 06:16:06','2008-05-25 17:11:28'),(93,93,93,'1977-09-24 01:36:48','2016-10-24 11:06:05'),(94,94,94,'1990-01-22 17:00:08','1997-03-29 01:15:53'),(95,95,95,'1975-03-22 21:56:20','1973-11-28 09:42:53'),(96,96,96,'1998-11-27 23:40:06','1985-10-23 05:42:29'),(97,97,97,'1999-07-20 08:22:59','2021-04-19 05:24:16'),(98,98,98,'1981-04-17 06:43:50','1971-12-21 14:48:05'),(99,99,99,'1998-05-15 08:03:13','2011-07-11 20:47:39'),(100,100,100,'1992-02-03 08:20:06','1988-01-27 16:20:11');
/*!40000 ALTER TABLE `service_appointments` ENABLE KEYS */;
UNLOCK TABLES;

--
-- Table structure for table `services`
--

DROP TABLE IF EXISTS `services`;
/*!40101 SET @saved_cs_client     = @@character_set_client */;
/*!40101 SET character_set_client = utf8 */;
CREATE TABLE `services` (
  `id` bigint(20) unsigned NOT NULL AUTO_INCREMENT,
  `name` varchar(125) COLLATE utf8mb4_unicode_ci DEFAULT NULL,
  `price` smallint(5) unsigned DEFAULT NULL,
  `created_at` datetime DEFAULT current_timestamp(),
  `updated_at` datetime DEFAULT NULL ON UPDATE current_timestamp(),
  UNIQUE KEY `id` (`id`)
) ENGINE=InnoDB AUTO_INCREMENT=101 DEFAULT CHARSET=utf8mb4 COLLATE=utf8mb4_unicode_ci;
/*!40101 SET character_set_client = @saved_cs_client */;

--
-- Dumping data for table `services`
--

LOCK TABLES `services` WRITE;
/*!40000 ALTER TABLE `services` DISABLE KEYS */;
INSERT INTO `services` VALUES (1,'placeat',34,'1987-09-26 05:08:32','2005-11-06 00:51:11'),(2,'asperiores',2248,'1972-01-06 09:57:10','2014-07-30 03:12:43'),(3,'voluptatem',700,'1970-02-10 02:45:53','2014-01-05 03:50:25'),(4,'iusto',903,'1995-08-23 17:05:24','1989-09-30 13:56:31'),(5,'libero',114,'1986-10-03 06:17:25','2010-04-03 23:15:44'),(6,'deserunt',341,'2014-12-07 07:30:56','1988-09-11 20:47:12'),(7,'nesciunt',927,'1979-08-24 12:23:27','2015-12-15 23:32:21'),(8,'consectetur',1955,'1982-09-24 10:52:51','2010-01-10 22:20:38'),(9,'exercitationem',1320,'1995-03-09 01:03:41','2004-05-16 21:57:44'),(10,'quo',815,'1977-10-09 22:36:55','1977-06-16 14:30:54'),(11,'tempore',1483,'2011-12-30 22:56:33','1990-02-07 02:33:01'),(12,'cum',745,'1987-12-03 18:24:58','1975-10-05 14:00:58'),(13,'atque',2256,'1994-02-12 03:17:32','1974-07-23 07:48:57'),(14,'nemo',1885,'1999-01-31 02:51:41','1980-09-13 15:31:39'),(15,'vel',263,'1994-08-15 10:18:59','1985-12-04 13:11:59'),(16,'ad',528,'1984-05-27 13:20:32','1984-04-24 07:56:10'),(17,'est',338,'1987-10-01 06:49:42','1973-05-20 16:27:51'),(18,'laboriosam',2193,'1977-06-07 19:16:43','2001-07-12 07:16:55'),(19,'enim',96,'2008-01-29 05:51:55','2014-12-14 11:06:13'),(20,'id',457,'1981-10-13 20:55:22','1972-11-02 10:50:09'),(21,'in',110,'2016-08-22 19:26:04','1997-02-18 09:58:51'),(22,'eum',615,'2008-02-16 08:28:34','1977-08-13 18:11:23'),(23,'vero',710,'1991-07-30 06:01:45','2010-08-14 20:20:19'),(24,'repellendus',1070,'2013-03-06 09:15:08','2011-08-10 08:03:47'),(25,'sunt',2023,'2009-03-24 14:02:10','2012-03-23 08:58:42'),(26,'voluptate',786,'1993-12-07 17:51:17','2012-04-04 11:13:54'),(27,'est',668,'2001-12-28 19:15:20','2014-06-04 22:48:53'),(28,'qui',731,'1989-07-17 21:22:45','1975-04-20 15:10:51'),(29,'quisquam',412,'1988-06-27 03:54:22','2014-03-25 10:51:17'),(30,'voluptates',2425,'2007-05-16 20:18:05','1980-07-31 00:09:16'),(31,'odio',1802,'2014-05-01 11:56:55','2007-10-26 03:51:49'),(32,'non',1792,'2001-05-27 17:18:06','1995-12-11 11:24:32'),(33,'quo',576,'1988-08-22 11:19:57','1994-10-13 15:27:55'),(34,'qui',1934,'2015-04-11 16:56:00','1981-05-27 10:11:34'),(35,'dolor',1586,'1974-01-31 22:31:12','1997-08-27 09:23:49'),(36,'doloremque',455,'2002-06-24 02:35:12','1993-05-07 08:56:25'),(37,'ad',732,'1988-10-04 21:07:11','1996-05-14 21:10:46'),(38,'ut',1275,'2015-07-31 02:17:00','1972-07-12 06:05:10'),(39,'dicta',2143,'2000-06-06 00:48:02','2015-12-28 01:57:47'),(40,'esse',2087,'1991-03-14 16:25:18','2011-05-29 15:30:43'),(41,'est',323,'1970-10-23 01:55:42','2005-06-15 22:23:06'),(42,'qui',2261,'1988-05-23 07:38:53','2002-02-03 16:19:38'),(43,'voluptatibus',564,'1985-02-07 00:03:37','2001-01-07 22:00:55'),(44,'quibusdam',188,'2010-05-16 18:48:31','2016-09-18 16:42:31'),(45,'qui',2237,'2005-02-05 20:43:43','1973-09-18 06:24:17'),(46,'culpa',2486,'1989-06-03 04:04:46','2001-07-09 10:47:20'),(47,'quam',269,'2010-01-01 16:18:56','1975-02-12 20:47:45'),(48,'ut',2387,'2009-10-04 05:57:08','1978-10-12 13:18:48'),(49,'odio',567,'1989-08-04 23:25:38','1976-05-09 04:25:35'),(50,'assumenda',1110,'2017-01-10 17:10:47','1979-12-07 01:45:22'),(51,'recusandae',1991,'1998-12-12 19:24:00','1975-03-23 06:03:50'),(52,'porro',1269,'2008-02-22 10:19:19','2007-09-29 22:00:03'),(53,'molestias',93,'2012-02-08 23:17:29','2000-04-20 21:35:04'),(54,'omnis',756,'1997-02-24 00:10:34','2002-11-10 06:35:36'),(55,'quis',442,'2010-09-15 12:49:42','1984-06-01 01:34:23'),(56,'quo',1266,'1996-09-30 02:41:54','1974-08-19 01:53:51'),(57,'et',1093,'2011-04-22 04:40:33','2019-12-13 02:22:00'),(58,'dignissimos',2271,'1984-04-27 16:58:26','1984-01-14 07:33:51'),(59,'placeat',1802,'1986-09-08 04:27:41','2011-07-26 14:18:40'),(60,'et',2444,'2020-12-09 22:20:28','2001-03-12 06:03:49'),(61,'in',1349,'2001-10-28 06:27:47','2015-01-24 17:00:09'),(62,'in',588,'2018-10-08 14:50:27','1978-12-21 05:17:54'),(63,'est',2012,'1982-12-02 15:14:37','1997-02-07 06:24:29'),(64,'et',288,'1994-10-16 04:22:54','2013-03-17 14:25:28'),(65,'ea',1630,'1978-11-08 14:25:32','1982-12-28 23:25:33'),(66,'nisi',875,'1978-10-24 20:22:00','2016-09-03 02:54:02'),(67,'quod',440,'2009-03-26 19:14:22','2007-02-08 16:04:51'),(68,'vel',399,'1984-03-31 05:21:01','2013-08-12 18:07:22'),(69,'adipisci',1728,'1990-04-30 11:35:11','2018-10-27 07:51:55'),(70,'aut',1420,'1974-09-28 10:45:14','1992-04-05 16:34:43'),(71,'et',439,'1982-12-29 20:33:47','1998-12-19 23:00:25'),(72,'neque',903,'2011-05-13 04:02:05','1988-04-02 04:00:29'),(73,'sapiente',1143,'1993-06-20 19:19:00','2007-11-18 23:19:59'),(74,'qui',262,'1978-07-27 17:30:28','1986-08-18 07:24:59'),(75,'ratione',1875,'2021-05-12 12:52:25','1977-09-20 01:13:19'),(76,'blanditiis',1907,'1993-08-31 06:08:25','1985-03-20 16:31:17'),(77,'laborum',2335,'2006-09-20 17:22:36','2016-01-29 18:46:37'),(78,'non',1458,'1998-08-16 17:59:04','1999-11-26 05:52:32'),(79,'reprehenderit',840,'2004-05-17 14:05:35','2000-12-26 18:22:25'),(80,'quam',21,'1981-01-18 16:01:59','1985-09-25 10:33:19'),(81,'et',928,'1991-06-26 06:08:51','1979-07-12 19:36:29'),(82,'facilis',1841,'2014-03-21 12:10:44','2006-09-24 14:15:58'),(83,'in',1089,'1998-12-08 21:18:09','1994-07-30 15:06:21'),(84,'numquam',372,'1973-03-18 15:52:41','1989-11-21 05:18:41'),(85,'aliquid',1045,'2019-02-28 20:15:55','2000-11-27 15:10:16'),(86,'maxime',1516,'1977-01-15 03:41:12','1998-07-29 12:07:11'),(87,'eveniet',1054,'2015-07-11 20:53:39','1988-01-30 15:16:45'),(88,'totam',253,'1976-05-29 08:15:50','1983-04-06 02:12:20'),(89,'maiores',183,'1986-06-18 21:22:47','1978-01-02 22:12:30'),(90,'quae',353,'1989-01-23 20:12:09','1990-02-11 15:57:46'),(91,'mollitia',1372,'2004-11-11 10:00:41','2021-07-23 21:14:43'),(92,'reprehenderit',993,'2016-08-06 18:22:13','1998-04-08 12:15:51'),(93,'eaque',1689,'1995-09-24 16:40:16','1978-07-29 15:36:16'),(94,'vitae',2050,'2010-01-18 23:37:08','1972-04-13 17:28:55'),(95,'quidem',109,'2011-01-06 19:58:23','2018-02-10 13:31:41'),(96,'consectetur',240,'2001-09-26 07:54:49','2016-03-15 01:13:16'),(97,'exercitationem',958,'2011-04-09 06:56:29','2008-08-17 17:57:22'),(98,'occaecati',2414,'1994-11-12 22:07:13','1994-05-17 06:20:13'),(99,'et',1722,'2010-03-20 10:24:45','1982-09-18 02:29:06'),(100,'rerum',87,'1983-10-20 15:21:40','1987-01-18 17:51:53');
/*!40000 ALTER TABLE `services` ENABLE KEYS */;
UNLOCK TABLES;

--
-- Table structure for table `transactions`
--

DROP TABLE IF EXISTS `transactions`;
/*!40101 SET @saved_cs_client     = @@character_set_client */;
/*!40101 SET character_set_client = utf8 */;
CREATE TABLE `transactions` (
  `id` bigint(20) unsigned NOT NULL AUTO_INCREMENT,
  `id_appointment` bigint(20) unsigned NOT NULL,
  `summary` bigint(20) unsigned NOT NULL,
  `discount` bigint(20) unsigned NOT NULL,
  `total` bigint(20) unsigned NOT NULL,
  UNIQUE KEY `id` (`id`),
  KEY `id_appointment` (`id_appointment`),
  CONSTRAINT `transactions_ibfk_1` FOREIGN KEY (`id_appointment`) REFERENCES `appointments` (`id`)
) ENGINE=InnoDB AUTO_INCREMENT=101 DEFAULT CHARSET=utf8mb4 COLLATE=utf8mb4_unicode_ci;
/*!40101 SET character_set_client = @saved_cs_client */;

--
-- Dumping data for table `transactions`
--

LOCK TABLES `transactions` WRITE;
/*!40000 ALTER TABLE `transactions` DISABLE KEYS */;
INSERT INTO `transactions` VALUES (1,1,2,449272416,7),(2,2,3,499399204,9),(3,3,2,448222836,6),(4,4,5,339581045,7),(5,5,2,413670151,8),(6,6,4,864729860,2),(7,7,8,960831000,2),(8,8,6,20861748,4),(9,9,6,287557793,9),(10,10,8,869814435,7),(11,11,7,434835496,4),(12,12,9,286113293,6),(13,13,7,327849220,8),(14,14,7,307646560,9),(15,15,2,313531240,5),(16,16,5,325336155,2),(17,17,6,679517666,1),(18,18,7,894046671,6),(19,19,7,753837619,1),(20,20,3,362688620,1),(21,21,6,337211340,4),(22,22,5,289543682,2),(23,23,2,364968383,7),(24,24,8,245846170,3),(25,25,8,468872774,2),(26,26,4,689582115,5),(27,27,4,13479484,4),(28,28,5,339979727,3),(29,29,7,314512532,6),(30,30,3,865928775,7),(31,31,5,781741630,2),(32,32,9,835273253,9),(33,33,1,429191861,5),(34,34,1,725704156,9),(35,35,4,8114756,3),(36,36,6,611480270,9),(37,37,9,963161881,5),(38,38,3,174825897,9),(39,39,3,231370076,5),(40,40,9,766446338,6),(41,41,8,176343854,3),(42,42,6,876198241,9),(43,43,2,792503200,7),(44,44,8,620037243,2),(45,45,9,809184672,2),(46,46,9,249818258,9),(47,47,7,766808888,3),(48,48,5,84339584,8),(49,49,9,504719475,8),(50,50,6,505126970,5),(51,51,2,139294355,5),(52,52,9,865900949,3),(53,53,9,37256679,2),(54,54,9,729425191,1),(55,55,3,406646583,4),(56,56,4,899773185,2),(57,57,9,804401862,8),(58,58,5,996587112,2),(59,59,5,787604837,3),(60,60,1,741666765,1),(61,61,8,786752179,8),(62,62,2,554031383,4),(63,63,8,786467482,4),(64,64,2,579181390,8),(65,65,6,374850486,7),(66,66,9,632755775,8),(67,67,7,889443118,2),(68,68,4,785427968,8),(69,69,7,629104924,7),(70,70,2,146275919,1),(71,71,4,655412678,4),(72,72,8,495403908,3),(73,73,2,719775569,5),(74,74,1,858876765,1),(75,75,2,313102570,9),(76,76,3,865110629,9),(77,77,1,946662260,8),(78,78,6,875487281,1),(79,79,9,520477017,3),(80,80,2,624906850,1),(81,81,4,882027688,7),(82,82,5,259491626,5),(83,83,6,636965769,1),(84,84,6,285351385,9),(85,85,9,852306540,8),(86,86,7,48081824,2),(87,87,2,697494273,1),(88,88,7,811499628,7),(89,89,7,828397462,6),(90,90,9,469530074,3),(91,91,6,37715034,7),(92,92,7,65524570,2),(93,93,8,973798591,2),(94,94,8,572212021,3),(95,95,5,286868142,6),(96,96,8,305062192,6),(97,97,5,350853205,5),(98,98,9,410546780,4),(99,99,8,468954422,5),(100,100,4,768623428,2);
/*!40000 ALTER TABLE `transactions` ENABLE KEYS */;
UNLOCK TABLES;

--
-- Table structure for table `user_roles`
--

DROP TABLE IF EXISTS `user_roles`;
/*!40101 SET @saved_cs_client     = @@character_set_client */;
/*!40101 SET character_set_client = utf8 */;
CREATE TABLE `user_roles` (
  `user_id` bigint(20) unsigned NOT NULL,
  `role_id` bigint(20) unsigned NOT NULL,
  KEY `user_id` (`user_id`),
  KEY `role_id` (`role_id`),
  CONSTRAINT `user_roles_ibfk_1` FOREIGN KEY (`user_id`) REFERENCES `users` (`id`),
  CONSTRAINT `user_roles_ibfk_2` FOREIGN KEY (`role_id`) REFERENCES `roles` (`id`)
) ENGINE=InnoDB DEFAULT CHARSET=utf8mb4 COLLATE=utf8mb4_unicode_ci;
/*!40101 SET character_set_client = @saved_cs_client */;

--
-- Dumping data for table `user_roles`
--

LOCK TABLES `user_roles` WRITE;
/*!40000 ALTER TABLE `user_roles` DISABLE KEYS */;
INSERT INTO `user_roles` VALUES (1,1),(2,2),(3,3),(4,4),(5,5),(6,6),(7,7),(8,8),(9,1),(10,2),(11,3),(12,4),(13,5),(14,6),(15,7),(16,8),(17,1),(18,2),(19,3),(20,4),(21,5),(22,6),(23,7),(24,8),(25,1),(26,2),(27,3),(28,4),(29,5),(30,6),(31,7),(32,8),(33,1),(34,2),(35,3),(36,4),(37,5),(38,6),(39,7),(40,8),(41,1),(42,2),(43,3),(44,4),(45,5),(46,6),(47,7),(48,8),(49,1),(50,2),(51,3),(52,4),(53,5),(54,6),(55,7),(56,8),(57,1),(58,2),(59,3),(60,4),(61,5),(62,6),(63,7),(64,8),(65,1),(66,2),(67,3),(68,4),(69,5),(70,6),(71,7),(72,8),(73,1),(74,2),(75,3),(76,4),(77,5),(78,6),(79,7),(80,8),(81,1),(82,2),(83,3),(84,4),(85,5),(86,6),(87,7),(88,8),(89,1),(90,2),(91,3),(92,4),(93,5),(94,6),(95,7),(96,8),(97,1),(98,2),(99,3),(100,4);
/*!40000 ALTER TABLE `user_roles` ENABLE KEYS */;
UNLOCK TABLES;

--
-- Table structure for table `users`
--

DROP TABLE IF EXISTS `users`;
/*!40101 SET @saved_cs_client     = @@character_set_client */;
/*!40101 SET character_set_client = utf8 */;
CREATE TABLE `users` (
  `id` bigint(20) unsigned NOT NULL AUTO_INCREMENT,
  `firstname` varchar(50) COLLATE utf8mb4_unicode_ci DEFAULT NULL,
  `lastname` varchar(50) COLLATE utf8mb4_unicode_ci DEFAULT NULL,
  `email` varchar(120) COLLATE utf8mb4_unicode_ci DEFAULT NULL,
  `password_hash` varchar(125) COLLATE utf8mb4_unicode_ci DEFAULT NULL,
  `remember_token` varchar(125) COLLATE utf8mb4_unicode_ci DEFAULT NULL,
  `phone` bigint(20) unsigned DEFAULT NULL,
  PRIMARY KEY (`id`),
  UNIQUE KEY `email` (`email`),
  UNIQUE KEY `phone` (`phone`),
  KEY `users_firstname_lastname_idx` (`firstname`,`lastname`)
) ENGINE=InnoDB AUTO_INCREMENT=101 DEFAULT CHARSET=utf8mb4 COLLATE=utf8mb4_unicode_ci;
/*!40101 SET character_set_client = @saved_cs_client */;

--
-- Dumping data for table `users`
--

LOCK TABLES `users` WRITE;
/*!40000 ALTER TABLE `users` DISABLE KEYS */;
INSERT INTO `users` VALUES (1,'Isobel','Windler','litzy.dickinson@example.org','04cc115c4ebdd041e5bbce83289ded1df14f8cc0',NULL,89769671753),(2,'Thelma','Kohler','eloisa.mills@example.com','15005ac3567e35675bafb79ef23312ba42e53ea1',NULL,89608022280),(3,'Providenci','Schultz','ferry.elvera@example.com','9fc1d423d8d6bf0beae4f04c62c263ec58776593',NULL,89002073787),(4,'Max','Kunze','xerdman@example.net','e0a162f07a70dd8f2870ca5a2688d9ca5d73d041',NULL,89016187544),(5,'Ford','Schamberger','aiden66@example.net','4abc907dea5fb1f58258546aefa99db62df801c3',NULL,89226663667),(6,'Lina','Gerhold','adeline01@example.net','93537f02fb25ef26f90910bc2084ccceb22fb774',NULL,89155475714),(7,'Benton','Ernser','zbatz@example.org','4705608cedfced9c413299b0b71cae03be8bbaf7',NULL,89098208764),(8,'Jimmy','Lakin','ruthie15@example.org','66a1d4c6491696492e8f813b453e8e6271b8b6c6',NULL,89966381929),(9,'Travon','Lind','ada01@example.org','69a163d9c36459baff186b92960d51ef6c711499',NULL,89556743047),(10,'Maye','Hahn','rogahn.kaley@example.org','5dd6d2b74cf4cda14d0299ede864e5ab015941a0',NULL,89407509351),(11,'Viviane','Balistreri','qo\'conner@example.org','b795c32d87c60ecde9e0649ef5e8ed5a73a3967c',NULL,89019525106),(12,'Jeffery','Ziemann','wilderman.karine@example.com','554ae91a2e4e11fa1714b23656e60d202f732606',NULL,89565724847),(13,'Waylon','O\'Kon','clark55@example.net','ef664d4eefdf9f5aa6ea4c79027fd7161e6eef45',NULL,89591869137),(14,'Delilah','Bechtelar','witting.kay@example.org','cdd6361b8cd55c49f2127535b46dbf272fb3b0e6',NULL,89139621009),(15,'Geovanny','Raynor','rfunk@example.net','44f50643ab8c5a82777b2bc4861b907d3d35e086',NULL,89325714975),(16,'Meggie','Luettgen','o\'reilly.casimer@example.com','f2449e8d9d6910b457c74935695c8dd118dabfd1',NULL,89892517515),(17,'Onie','Jones','ikuvalis@example.net','673f6a950392a1b2e7921484dfb2189e1e2a66f0',NULL,89073275239),(18,'Allene','Cassin','meda57@example.com','541644c6daf5e33b27855b347dfb54ad21b9ddf5',NULL,89705116528),(19,'Casimer','Torphy','vince.jerde@example.net','cc388b8a8c9f03b188ab6833ade07cd3fe868ab6',NULL,89613010742),(20,'Gavin','Senger','katrina40@example.org','ccb8bb415c9b1d44373d45d697942d028fbe299d',NULL,89429202978),(21,'Clay','Haag','hahn.sydni@example.org','c7b9d1a80564923c05661f881831240a8caebcc4',NULL,89205091389),(22,'Ali','Padberg','misael83@example.com','7df1c41d70aeca86883e2dc8ddc7668852beea62',NULL,89237874972),(23,'Jamarcus','Marvin','jaydon84@example.org','e20dcb8dfdc2f765a5de1768146f22b067ac26ef',NULL,89224272232),(24,'Oran','Krajcik','virginie.lynch@example.com','85ff298294265d807fd38b03dd5e8f585e11bef5',NULL,89370655775),(25,'Hadley','Renner','cbalistreri@example.com','d41067725dc809b1d568b17912601fa0471a4a9f',NULL,89287894004),(26,'Boyd','Donnelly','herta87@example.com','9175524063eaafdee9ca7c7411e53f9bfb05cab9',NULL,89713349577),(27,'Litzy','Medhurst','pietro74@example.net','569f6f418b4ee32be3661e97dc711961baaed83f',NULL,89714500326),(28,'Freeman','Hyatt','rhoda67@example.net','520defaa25a9068df9b81ae5a3c1608d041ba682',NULL,89858710148),(29,'Lloyd','Hickle','ymertz@example.org','d2addb9396f428a700f354de5b982c2432bf9a44',NULL,89797934980),(30,'Josefina','Emard','tressie97@example.net','91804c9b9dce947bc3e55f9ff200ba39fa78db28',NULL,89962639209),(31,'Rod','Bradtke','hanna.wyman@example.com','5486ca34b22a1e83d04eb79f07edd2428b50be31',NULL,89943148244),(32,'Edwina','Sporer','croberts@example.com','78616b824b416285428c0e99cb65ace911267cb6',NULL,89015221021),(33,'Berniece','Hamill','shilpert@example.org','473cd6b399afb936cf97f8ec1dbd63ce7142c6cb',NULL,89082927345),(34,'Caterina','Bins','vbahringer@example.net','30ce4551615a936fb1c365044e3a9ee0bb559111',NULL,89774969558),(35,'Kara','Bogan','sheila.weissnat@example.com','bb42d4ea7ac6ee48de4d85645e724089399378a3',NULL,89803365786),(36,'Dixie','Lakin','mercedes08@example.org','90a1828431dda6965a3997208a12fc54a260093b',NULL,89428251183),(37,'Conner','Zieme','drew.jones@example.com','4bc54dd413157c6ea83891c2ef30933dc3ad92c1',NULL,89380355522),(38,'Zelda','Wolff','armstrong.gia@example.org','4f6e955d5ea45abbd73520ee6ca05f2ee09eda8a',NULL,89151283786),(39,'Ozella','Daugherty','price.alf@example.com','768531e5e1078e63cef45aefd162d788d48e163f',NULL,89906060586),(40,'Coy','Schaden','norbert88@example.net','fd728953bf428555903d4cee31dcc7eeec61c6a8',NULL,89683090086),(41,'Ethel','Huel','charlene72@example.net','52a69c4e98071cfae566f307eab7e8ef0d6f8512',NULL,89305693536),(42,'Marcelo','Dibbert','uriel57@example.net','954d1493bec5d2f73afdb33cdc3a4a5f20954437',NULL,89331895771),(43,'Dereck','Goldner','yeichmann@example.com','929786bb90f62219c53108353af65f2a5da8eda8',NULL,89165580619),(44,'Ernesto','Cremin','robbie.fay@example.org','31d8aa5908e6613d39ab66e392ba0bb865cde8b9',NULL,89652297360),(45,'Estel','Stroman','qcartwright@example.org','d2538e4fb7489b16570da540e0785e47c5db695b',NULL,89785326817),(46,'Eva','Wiza','xdaugherty@example.net','b51182fa770665e01c8bf56c851001c07057def3',NULL,89117287111),(47,'Ottilie','Ryan','metz.anastasia@example.org','d937bda7fa2fde338fee968bf6fe6d885356d47e',NULL,89061764810),(48,'Destini','Marquardt','kendra53@example.net','ab0879b80ea7b63d710ac874db15d404c824d4a1',NULL,89966967657),(49,'Rosetta','Sawayn','amiya43@example.net','008729d169c3a7524265773549bdf6eae6cede25',NULL,89861028284),(50,'Newell','Wiegand','ramiro.gusikowski@example.com','042a5c747442cb6dce1169317bbe4b9ed94c8cc9',NULL,89646689198),(51,'Layla','Buckridge','ihermiston@example.com','10734fa7d81433ddd18e90138e2f4d2c4d6dcdb5',NULL,89717109370),(52,'Nella','Heaney','jerrold09@example.com','b267395fcdc3d1421c2ce06d89775d902975b11a',NULL,89531110800),(53,'Geovanny','Torphy','jan.pfannerstill@example.org','e52a383eab893680820008fdcef544e78267e0ca',NULL,89841327469),(54,'Maddison','Effertz','braeden18@example.net','1c3874025aa946a6bf730e00b1bfe8f00a264326',NULL,89121463950),(55,'Grady','Hagenes','august96@example.net','e4fc44036320245a5e9f0e512531d0df5693ac38',NULL,89277001651),(56,'Charles','Harvey','ena68@example.net','88cf7452d48510a07d099cff17af88671a8734f1',NULL,89455243898),(57,'Heloise','Emmerich','schmidt.rosalind@example.org','42f649bf478a339aa81e8f13c11da1d0c3d59bbe',NULL,89053589669),(58,'Rodger','Renner','broderick.trantow@example.com','69c5cac862f870046afead347c6c77d5d0490f91',NULL,89533076792),(59,'Jeff','Russel','krajcik.elinore@example.org','cc4bfb5c4caeebfcf4bb9cd9cee27f863d69193d',NULL,89383612213),(60,'Carmella','Adams','gmarquardt@example.net','4ea8404378089590de598f41e2e3b39cd1072d10',NULL,89966322781),(61,'Lauren','Mosciski','pbalistreri@example.org','5eaced5900560ceee4cd3bfebc1ff4fe8957a396',NULL,89618387151),(62,'Eryn','Wyman','leif13@example.org','edacb7e908f2f0ed92b9368b7a1dd56bf19e3365',NULL,89738241414),(63,'Chandler','Bartoletti','crona.ali@example.net','5f470efa32ed6c83b8f5c5f5ef0c32f94a339344',NULL,89836440923),(64,'Emmalee','Powlowski','santina.witting@example.net','e0c7b72c539e8faed731dd35d63c0a14c0b2e11d',NULL,89977847389),(65,'Erna','Greenholt','mathias.erdman@example.com','e03a1b6933f369af7bcd47208a3cb8f396f614eb',NULL,89464702616),(66,'Idella','Schinner','efisher@example.org','5ddcc9435b21834ae4292c9ecc59effa9e6b1f66',NULL,89674896603),(67,'Meta','Fay','isobel36@example.org','3f2d3cf896fe82713ac4b83f5d207670cb10a36d',NULL,89985440361),(68,'Dereck','Flatley','lesch.brooke@example.net','195e3ab9b2dbebfc872226046396607410991099',NULL,89164068986),(69,'Elena','Aufderhar','qschmidt@example.org','dc5a0859fd388bc63a9ac7a5cf7211b540c03871',NULL,89151072172),(70,'Everette','Crooks','annalise35@example.com','5aee49ba56ce0d0e072667ef1302058924b3e33c',NULL,89730901778),(71,'Laurie','Buckridge','boyle.andre@example.com','f97738821e6f8bb963b3e3291d5c9e413e484d1f',NULL,89681901366),(72,'Lennie','Cole','reanna.jones@example.com','975a035867fe745db725e6da337a56a0cfcd33ea',NULL,89703931527),(73,'Hadley','Terry','albertha79@example.com','598952100cb4babaf8121bcefa4d199b9d0ff662',NULL,89120134209),(74,'Rosanna','Bradtke','carolina.dare@example.net','5e15f5894301def3e61e187a402f6917edb8ae05',NULL,89522718988),(75,'Rogers','Nikolaus','rschmidt@example.org','60a10b08c8e922bd74daee3e13e996c73a503068',NULL,89348916359),(76,'Leta','Larkin','roberto.crist@example.com','3870ef3ecdba505d4d223d06a013cde8466f5af8',NULL,89999479442),(77,'Michael','Jakubowski','merle98@example.net','b8eac84a3539425ed17e2c6718158b0e554bf0c2',NULL,89454816645),(78,'Cloyd','Robel','toney40@example.net','029f0826662f50f38a70dc498d8557771b3f02d5',NULL,89777503431),(79,'Delphia','Feeney','caroline.kub@example.com','c16ec7cbdf39a0c98ea74eec2f8e6f42d351d7d5',NULL,89650132213),(80,'August','Crona','olowe@example.com','f1a1396611130ad535216825e25a7cd9f94b5c0d',NULL,89010523508),(81,'Zachery','Schiller','pkuvalis@example.net','e1503b984dc69576af6ee9e06cf39e1edb874455',NULL,89578038922),(82,'Jon','Bechtelar','gleichner.sallie@example.net','1d150bf0de6320dcc15ac4eb660cbf82827a05a0',NULL,89334567114),(83,'Emory','Weissnat','sharris@example.net','91d43b9959df5718e425fc5d888d551f37133624',NULL,89590310102),(84,'Brionna','Gibson','denis29@example.com','20f6b6119273f876410e8fd6ed7e812e20c3161a',NULL,89003093949),(85,'Pierce','Murray','casey.farrell@example.com','2f9d2f8b16efad222fe371e956c682f0f46b50c3',NULL,89546290586),(86,'Lou','Fisher','liliane.ruecker@example.com','f519f109cb2409c7e944076934c6563723dad17a',NULL,89383205236),(87,'Vince','Lang','robert18@example.com','882ae202fe9036d4880887a73896b5182619dc84',NULL,89573968202),(88,'Rasheed','Ernser','jess05@example.net','da81406c2fe2fe457fb7ca432c48b44003c4b7d4',NULL,89485958839),(89,'Jean','Franecki','shania.dickinson@example.com','0ffa31ebfef03e3b82ed936d7b1c79436bd2150b',NULL,89215371485),(90,'Dejuan','Bailey','antwan76@example.net','8d2331ef889ed570553d3420a1527046f376af9a',NULL,89842781867),(91,'Grady','Becker','audrey.lind@example.com','d1d119bb9c2aa08551101fe36e0c915439127bbc',NULL,89535869786),(92,'Camden','Trantow','xbartoletti@example.net','fc0cb7a3441f72ad9f4eb828cfb4af52834b756e',NULL,89179268261),(93,'Kane','Lind','mitchell.torrey@example.com','af7b4365e23a227e12c367beed4e69ba03530eee',NULL,89600070882),(94,'Rosario','Rippin','julie73@example.com','0acddb560fd4f8b228bd78724cafdf63ec84fca7',NULL,89411495839),(95,'Abdul','Frami','connie84@example.net','df17ceb687614695c305a70b44e357e9db7e932d',NULL,89958901682),(96,'Eulah','Daniel','emcdermott@example.com','a832093f8123374644bc44c7a346ab433f011674',NULL,89512643884),(97,'Alvina','Spencer','jeffrey78@example.net','a30917fb9dacdb39faf2ad8b817beb167fe4c33f',NULL,89516753558),(98,'Zoie','Kozey','temard@example.com','2a8cd69bd1876c159be7a66b796e13add3cc263b',NULL,89442472967),(99,'Stella','Kulas','morissette.leonard@example.org','3c08c87a95635a783a96414453512ebf84ea8179',NULL,89717437547),(100,'Tabitha','Aufderhar','kokuneva@example.net','799fb222ae0b0d12256010010c3e22e983f81c7e',NULL,89073695094);
/*!40000 ALTER TABLE `users` ENABLE KEYS */;
UNLOCK TABLES;
/*!40103 SET TIME_ZONE=@OLD_TIME_ZONE */;

/*!40101 SET SQL_MODE=@OLD_SQL_MODE */;
/*!40014 SET FOREIGN_KEY_CHECKS=@OLD_FOREIGN_KEY_CHECKS */;
/*!40014 SET UNIQUE_CHECKS=@OLD_UNIQUE_CHECKS */;
/*!40101 SET CHARACTER_SET_CLIENT=@OLD_CHARACTER_SET_CLIENT */;
/*!40101 SET CHARACTER_SET_RESULTS=@OLD_CHARACTER_SET_RESULTS */;
/*!40101 SET COLLATION_CONNECTION=@OLD_COLLATION_CONNECTION */;
/*!40111 SET SQL_NOTES=@OLD_SQL_NOTES */;

-- Dump completed on 2021-11-19  7:24:07
